COARSE,SAND,SILT,CLAY,TEXTURE_USDA,TEXTURE_SOTER,BULK,REF_BULK,ORG_CARBON,PH_WATER,TOTAL_N,CN_RATIO,CEC_SOIL,CEC_CLAY,CEC_EFF,TEB,BSAT,ALUM_SAT,ESP,TCARBON_EQ,GYPSUM,ELEC_COND,SHARE,HWSD2_SMU_ID
11,40,41,19,9.0,M,1.47,1.6900001,2.0370002,5.3000002,1.54,14,11,26,6,5,47,21,1,0.0,0.1,0,100,31816
11,40,41,19,9.0,M,1.47,1.6900001,2.0370002,5.3000002,1.54,14,11,26,6,5,47,21,1,0.0,0.1,0,30,31801
11,40,41,19,9.0,M,1.47,1.6900001,2.0370002,5.3000002,1.54,14,11,26,6,5,47,21,1,0.0,0.1,0,70,31802
7,89,5,6,12.0,C,1.39,1.34,0.24200001,6.9000001,0.22,11,4,47,5,4,89,0,2,4.4000001,0.1,0,10,1694
9,88,6,6,12.0,C,1.62,1.34,0.255,8.0,0.25999999,10,5,52,12,12,100,0,2,5.8000002,0.1,0,30,32050
9,88,6,6,12.0,C,1.62,1.34,0.255,8.0,0.25999999,10,5,52,12,12,100,0,2,5.8000002,0.1,0,100,32034
9,88,6,6,12.0,C,1.62,1.34,0.255,8.0,0.25999999,10,5,52,12,12,100,0,2,5.8000002,0.1,0,40,32016
9,88,6,6,12.0,C,1.62,1.34,0.255,8.0,0.25999999,10,5,52,12,12,100,0,2,5.8000002,0.1,0,20,32049
9,88,6,6,12.0,C,1.62,1.34,0.255,8.0,0.25999999,10,5,52,12,12,100,0,2,5.8000002,0.1,0,30,31996
9,88,6,6,12.0,C,1.62,1.34,0.255,8.0,0.25999999,10,5,52,12,12,100,0,2,5.8000002,0.1,0,40,31962
9,88,6,6,12.0,C,1.62,1.34,0.255,8.0,0.25999999,10,5,52,12,12,100,0,2,5.8000002,0.1,0,100,31978
9,88,6,6,12.0,C,1.62,1.34,0.255,8.0,0.25999999,10,5,52,12,12,100,0,2,5.8000002,0.1,0,40,32032
9,88,6,6,12.0,C,1.62,1.34,0.255,8.0,0.25999999,10,5,52,12,12,100,0,2,5.8000002,0.1,0,100,32019
6,90,5,5,12.0,C,1.48,1.28,0.259,6.6999998,0.31999999,9,4,61,4,4,89,0,3,0.0,0.1,0,30,32011
6,90,5,5,12.0,C,1.48,1.28,0.259,6.6999998,0.31999999,9,4,61,4,4,89,0,3,0.0,0.1,0,70,32037
6,90,5,5,12.0,C,1.48,1.28,0.259,6.6999998,0.31999999,9,4,61,4,4,89,0,3,0.0,0.1,0,35,31904
6,90,5,5,12.0,C,1.48,1.28,0.259,6.6999998,0.31999999,9,4,61,4,4,89,0,3,0.0,0.1,0,70,31996
6,90,5,5,12.0,C,1.48,1.28,0.259,6.6999998,0.31999999,9,4,61,4,4,89,0,3,0.0,0.1,0,60,31962
6,90,5,5,12.0,C,1.48,1.28,0.259,6.6999998,0.31999999,9,4,61,4,4,89,0,3,0.0,0.1,0,100,31999
6,90,5,5,12.0,C,1.48,1.28,0.259,6.6999998,0.31999999,9,4,61,4,4,89,0,3,0.0,0.1,0,40,32008
6,90,5,5,12.0,C,1.48,1.28,0.259,6.6999998,0.31999999,9,4,61,4,4,89,0,3,0.0,0.1,0,40,31940
9,87,9,4,12.0,C,1.4400001,1.2,0.62800002,5.6999998,0.51999998,13,4,33,3,3,76,6,2,0.0,0.1,0,30,31828
9,87,9,4,12.0,C,1.4400001,1.2,0.62800002,5.6999998,0.51999998,13,4,33,3,3,76,6,2,0.0,0.1,0,60,31890
9,87,9,4,12.0,C,1.4400001,1.2,0.62800002,5.6999998,0.51999998,13,4,33,3,3,76,6,2,0.0,0.1,0,60,31831
9,87,9,4,12.0,C,1.4400001,1.2,0.62800002,5.6999998,0.51999998,13,4,33,3,3,76,6,2,0.0,0.1,0,40,31805
9,87,9,4,12.0,C,1.4400001,1.2,0.62800002,5.6999998,0.51999998,13,4,33,3,3,76,6,2,0.0,0.1,0,40,31829
9,87,9,4,12.0,C,1.4400001,1.2,0.62800002,5.6999998,0.51999998,13,4,33,3,3,76,6,2,0.0,0.1,0,100,31804
11,44,35,21,9.0,M,1.39,1.73,1.14,8.1999998,1.24,10,10,38,8,6,72,0,2,15.9,0.2,1,15,31998
12,49,33,18,9.0,M,1.45,1.6799999,0.69699997,8.1999998,0.80000001,9,14,67,38,38,100,0,2,13.9,0.2,1,50,31867
12,49,33,18,9.0,M,1.45,1.6799999,0.69699997,8.1999998,0.80000001,9,14,67,38,38,100,0,2,13.9,0.2,1,70,1964
12,49,33,18,9.0,M,1.45,1.6799999,0.69699997,8.1999998,0.80000001,9,14,67,38,38,100,0,2,13.9,0.2,1,60,1846
12,49,33,18,9.0,M,1.45,1.6799999,0.69699997,8.1999998,0.80000001,9,14,67,38,38,100,0,2,13.9,0.2,1,60,1834
12,49,33,18,9.0,M,1.45,1.6799999,0.69699997,8.1999998,0.80000001,9,14,67,38,38,100,0,2,13.9,0.2,1,60,1838
12,49,33,18,9.0,M,1.45,1.6799999,0.69699997,8.1999998,0.80000001,9,14,67,38,38,100,0,2,13.9,0.2,1,30,1839
12,49,33,18,9.0,M,1.45,1.6799999,0.69699997,8.1999998,0.80000001,9,14,67,38,38,100,0,2,13.9,0.2,1,70,1840
12,49,33,18,9.0,M,1.45,1.6799999,0.69699997,8.1999998,0.80000001,9,14,67,38,38,100,0,2,13.9,0.2,1,70,1844
12,49,33,18,9.0,M,1.45,1.6799999,0.69699997,8.1999998,0.80000001,9,14,67,38,38,100,0,2,13.9,0.2,1,30,1849
12,49,33,18,9.0,M,1.45,1.6799999,0.69699997,8.1999998,0.80000001,9,14,67,38,38,100,0,2,13.9,0.2,1,30,1851
12,49,33,18,9.0,M,1.45,1.6799999,0.69699997,8.1999998,0.80000001,9,14,67,38,38,100,0,2,13.9,0.2,1,60,1843
12,49,33,18,9.0,M,1.45,1.6799999,0.69699997,8.1999998,0.80000001,9,14,67,38,38,100,0,2,13.9,0.2,1,70,329
12,49,33,18,9.0,M,1.45,1.6799999,0.69699997,8.1999998,0.80000001,9,14,67,38,38,100,0,2,13.9,0.2,1,70,1833
12,49,33,18,9.0,M,1.45,1.6799999,0.69699997,8.1999998,0.80000001,9,14,67,38,38,100,0,2,13.9,0.2,1,100,1832
12,49,33,18,9.0,M,1.45,1.6799999,0.69699997,8.1999998,0.80000001,9,14,67,38,38,100,0,2,13.9,0.2,1,50,1316
12,49,33,18,9.0,M,1.45,1.6799999,0.69699997,8.1999998,0.80000001,9,14,67,38,38,100,0,2,13.9,0.2,1,50,1315
12,49,33,18,9.0,M,1.45,1.6799999,0.69699997,8.1999998,0.80000001,9,14,67,38,38,100,0,2,13.9,0.2,1,10,1823
12,49,33,18,9.0,M,1.45,1.6799999,0.69699997,8.1999998,0.80000001,9,14,67,38,38,100,0,2,13.9,0.2,1,20,1830
12,49,33,18,9.0,M,1.45,1.6799999,0.69699997,8.1999998,0.80000001,9,14,67,38,38,100,0,2,13.9,0.2,1,30,1770
12,49,33,18,9.0,M,1.45,1.6799999,0.69699997,8.1999998,0.80000001,9,14,67,38,38,100,0,2,13.9,0.2,1,70,1775
11,36,33,31,5.0,M,1.4400001,1.86,0.83199996,8.1999998,0.93000001,9,22,59,42,42,99,0,2,18.6,0.30000001,1,70,1963
11,36,33,31,5.0,M,1.4400001,1.86,0.83199996,8.1999998,0.93000001,9,22,59,42,42,99,0,2,18.6,0.30000001,1,60,320
11,36,33,31,5.0,M,1.4400001,1.86,0.83199996,8.1999998,0.93000001,9,22,59,42,42,99,0,2,18.6,0.30000001,1,60,1779
11,36,33,31,5.0,M,1.4400001,1.86,0.83199996,8.1999998,0.93000001,9,22,59,42,42,99,0,2,18.6,0.30000001,1,40,1776
11,36,33,31,5.0,M,1.4400001,1.86,0.83199996,8.1999998,0.93000001,9,22,59,42,42,99,0,2,18.6,0.30000001,1,30,1772
11,36,33,31,5.0,M,1.4400001,1.86,0.83199996,8.1999998,0.93000001,9,22,59,42,42,99,0,2,18.6,0.30000001,1,70,1842
11,36,33,31,5.0,M,1.4400001,1.86,0.83199996,8.1999998,0.93000001,9,22,59,42,42,99,0,2,18.6,0.30000001,1,70,1841
9,55,26,19,11.0,M,1.54,1.7,0.66500002,8.0,0.74000001,9,15,68,30,30,100,0,1,3.8,0.2,1,25,31938
9,55,26,19,11.0,M,1.54,1.7,0.66500002,8.0,0.74000001,9,15,68,30,30,100,0,1,3.8,0.2,1,40,32040
9,55,26,19,11.0,M,1.54,1.7,0.66500002,8.0,0.74000001,9,15,68,30,30,100,0,1,3.8,0.2,1,20,31954
9,55,26,19,11.0,M,1.54,1.7,0.66500002,8.0,0.74000001,9,15,68,30,30,100,0,1,3.8,0.2,1,100,32030
9,55,26,19,11.0,M,1.54,1.7,0.66500002,8.0,0.74000001,9,15,68,30,30,100,0,1,3.8,0.2,1,60,32031
9,55,26,19,11.0,M,1.54,1.7,0.66500002,8.0,0.74000001,9,15,68,30,30,100,0,1,3.8,0.2,1,30,32037
9,55,26,19,11.0,M,1.54,1.7,0.66500002,8.0,0.74000001,9,15,68,30,30,100,0,1,3.8,0.2,1,20,32033
9,55,26,19,11.0,M,1.54,1.7,0.66500002,8.0,0.74000001,9,15,68,30,30,100,0,1,3.8,0.2,1,60,31953
9,55,26,19,11.0,M,1.54,1.7,0.66500002,8.0,0.74000001,9,15,68,30,30,100,0,1,3.8,0.2,1,30,32023
9,55,26,19,11.0,M,1.54,1.7,0.66500002,8.0,0.74000001,9,15,68,30,30,100,0,1,3.8,0.2,1,70,32011
9,55,26,19,11.0,M,1.54,1.7,0.66500002,8.0,0.74000001,9,15,68,30,30,100,0,1,3.8,0.2,1,30,31988
9,55,26,19,11.0,M,1.54,1.7,0.66500002,8.0,0.74000001,9,15,68,30,30,100,0,1,3.8,0.2,1,60,32029
9,55,26,19,11.0,M,1.54,1.7,0.66500002,8.0,0.74000001,9,15,68,30,30,100,0,1,3.8,0.2,1,20,31889
9,55,26,19,11.0,M,1.54,1.7,0.66500002,8.0,0.74000001,9,15,68,30,30,100,0,1,3.8,0.2,1,50,32026
9,55,26,19,11.0,M,1.54,1.7,0.66500002,8.0,0.74000001,9,15,68,30,30,100,0,1,3.8,0.2,1,70,32020
9,55,26,19,11.0,M,1.54,1.7,0.66500002,8.0,0.74000001,9,15,68,30,30,100,0,1,3.8,0.2,1,60,32025
9,55,26,19,11.0,M,1.54,1.7,0.66500002,8.0,0.74000001,9,15,68,30,30,100,0,1,3.8,0.2,1,50,32024
26,40,29,31,5.0,M,1.52,1.86,0.78499997,7.6999998,0.99000001,10,18,56,31,31,91,0,3,27.9,0.30000001,1,40,31827
26,40,29,31,5.0,M,1.52,1.86,0.78499997,7.6999998,0.99000001,10,18,56,31,31,91,0,3,27.9,0.30000001,1,20,31833
26,40,29,31,5.0,M,1.52,1.86,0.78499997,7.6999998,0.99000001,10,18,56,31,31,91,0,3,27.9,0.30000001,1,20,31890
26,40,29,31,5.0,M,1.52,1.86,0.78499997,7.6999998,0.99000001,10,18,56,31,31,91,0,3,27.9,0.30000001,1,30,31826
26,40,29,31,5.0,M,1.52,1.86,0.78499997,7.6999998,0.99000001,10,18,56,31,31,91,0,3,27.9,0.30000001,1,65,31819
18,61,22,17,11.0,M,1.4400001,1.67,0.648,8.1000004,0.75999999,9,12,71,31,31,100,0,5,17.200001,0.2,0,100,31974
18,61,22,17,11.0,M,1.4400001,1.67,0.648,8.1000004,0.75999999,9,12,71,31,31,100,0,5,17.200001,0.2,0,40,31937
18,61,22,17,11.0,M,1.4400001,1.67,0.648,8.1000004,0.75999999,9,12,71,31,31,100,0,5,17.200001,0.2,0,30,31919
18,61,22,17,11.0,M,1.4400001,1.67,0.648,8.1000004,0.75999999,9,12,71,31,31,100,0,5,17.200001,0.2,0,40,31936
18,61,22,17,11.0,M,1.4400001,1.67,0.648,8.1000004,0.75999999,9,12,71,31,31,100,0,5,17.200001,0.2,0,40,31922
18,61,22,17,11.0,M,1.4400001,1.67,0.648,8.1000004,0.75999999,9,12,71,31,31,100,0,5,17.200001,0.2,0,30,31915
18,61,22,17,11.0,M,1.4400001,1.67,0.648,8.1000004,0.75999999,9,12,71,31,31,100,0,5,17.200001,0.2,0,70,31914
18,61,22,17,11.0,M,1.4400001,1.67,0.648,8.1000004,0.75999999,9,12,71,31,31,100,0,5,17.200001,0.2,0,100,31992
18,61,22,17,11.0,M,1.4400001,1.67,0.648,8.1000004,0.75999999,9,12,71,31,31,100,0,5,17.200001,0.2,0,60,31976
18,61,22,17,11.0,M,1.4400001,1.67,0.648,8.1000004,0.75999999,9,12,71,31,31,100,0,5,17.200001,0.2,0,60,31844
18,61,22,17,11.0,M,1.4400001,1.67,0.648,8.1000004,0.75999999,9,12,71,31,31,100,0,5,17.200001,0.2,0,40,32000
18,61,22,17,11.0,M,1.4400001,1.67,0.648,8.1000004,0.75999999,9,12,71,31,31,100,0,5,17.200001,0.2,0,50,31842
18,61,22,17,11.0,M,1.4400001,1.67,0.648,8.1000004,0.75999999,9,12,71,31,31,100,0,5,17.200001,0.2,0,100,32041
18,61,22,17,11.0,M,1.4400001,1.67,0.648,8.1000004,0.75999999,9,12,71,31,31,100,0,5,17.200001,0.2,0,50,31928
18,61,22,17,11.0,M,1.4400001,1.67,0.648,8.1000004,0.75999999,9,12,71,31,31,100,0,5,17.200001,0.2,0,60,31955
18,61,22,17,11.0,M,1.4400001,1.67,0.648,8.1000004,0.75999999,9,12,71,31,31,100,0,5,17.200001,0.2,0,20,31854
18,61,22,17,11.0,M,1.4400001,1.67,0.648,8.1000004,0.75999999,9,12,71,31,31,100,0,5,17.200001,0.2,0,40,32031
18,61,22,17,11.0,M,1.4400001,1.67,0.648,8.1000004,0.75999999,9,12,71,31,31,100,0,5,17.200001,0.2,0,20,31927
18,61,22,17,11.0,M,1.4400001,1.67,0.648,8.1000004,0.75999999,9,12,71,31,31,100,0,5,17.200001,0.2,0,60,31970
18,61,22,17,11.0,M,1.4400001,1.67,0.648,8.1000004,0.75999999,9,12,71,31,31,100,0,5,17.200001,0.2,0,100,32039
18,61,22,17,11.0,M,1.4400001,1.67,0.648,8.1000004,0.75999999,9,12,71,31,31,100,0,5,17.200001,0.2,0,100,31941
18,61,22,17,11.0,M,1.4400001,1.67,0.648,8.1000004,0.75999999,9,12,71,31,31,100,0,5,17.200001,0.2,0,80,31969
18,61,22,17,11.0,M,1.4400001,1.67,0.648,8.1000004,0.75999999,9,12,71,31,31,100,0,5,17.200001,0.2,0,20,32029
18,61,22,17,11.0,M,1.4400001,1.67,0.648,8.1000004,0.75999999,9,12,71,31,31,100,0,5,17.200001,0.2,0,40,32023
18,61,22,17,11.0,M,1.4400001,1.67,0.648,8.1000004,0.75999999,9,12,71,31,31,100,0,5,17.200001,0.2,0,30,32044
18,61,22,17,11.0,M,1.4400001,1.67,0.648,8.1000004,0.75999999,9,12,71,31,31,100,0,5,17.200001,0.2,0,40,31847
18,61,22,17,11.0,M,1.4400001,1.67,0.648,8.1000004,0.75999999,9,12,71,31,31,100,0,5,17.200001,0.2,0,30,31926
18,61,22,17,11.0,M,1.4400001,1.67,0.648,8.1000004,0.75999999,9,12,71,31,31,100,0,5,17.200001,0.2,0,25,31902
18,61,22,17,11.0,M,1.4400001,1.67,0.648,8.1000004,0.75999999,9,12,71,31,31,100,0,5,17.200001,0.2,0,30,31901
18,61,22,17,11.0,M,1.4400001,1.67,0.648,8.1000004,0.75999999,9,12,71,31,31,100,0,5,17.200001,0.2,0,40,32038
18,40,36,24,9.0,M,1.42,1.77,1.178,8.0,0.88,9,21,61,32,32,100,0,5,27.299999,0.30000001,0,70,31810
18,40,36,24,9.0,M,1.42,1.77,1.178,8.0,0.88,9,21,61,32,32,100,0,5,27.299999,0.30000001,0,65,31825
18,40,36,24,9.0,M,1.42,1.77,1.178,8.0,0.88,9,21,61,32,32,100,0,5,27.299999,0.30000001,0,70,31828
18,40,36,24,9.0,M,1.42,1.77,1.178,8.0,0.88,9,21,61,32,32,100,0,5,27.299999,0.30000001,0,50,31878
4,43,37,20,9.0,M,1.46,1.71,0.727,8.1999998,1.01,9,16,72,36,36,100,0,3,8.3999996,2.2,1,60,31869
4,43,37,20,9.0,M,1.46,1.71,0.727,8.1999998,1.01,9,16,72,36,36,100,0,3,8.3999996,2.2,1,20,31867
4,43,37,20,9.0,M,1.46,1.71,0.727,8.1999998,1.01,9,16,72,36,36,100,0,3,8.3999996,2.2,1,30,31914
4,43,37,20,9.0,M,1.46,1.71,0.727,8.1999998,1.01,9,16,72,36,36,100,0,3,8.3999996,2.2,1,60,31857
4,43,37,20,9.0,M,1.46,1.71,0.727,8.1999998,1.01,9,16,72,36,36,100,0,3,8.3999996,2.2,1,50,31893
4,43,37,20,9.0,M,1.46,1.71,0.727,8.1999998,1.01,9,16,72,36,36,100,0,3,8.3999996,2.2,1,60,31851
4,43,37,20,9.0,M,1.46,1.71,0.727,8.1999998,1.01,9,16,72,36,36,100,0,3,8.3999996,2.2,1,25,31837
4,43,37,20,9.0,M,1.46,1.71,0.727,8.1999998,1.01,9,16,72,36,36,100,0,3,8.3999996,2.2,1,60,31977
4,43,37,20,9.0,M,1.46,1.71,0.727,8.1999998,1.01,9,16,72,36,36,100,0,3,8.3999996,2.2,1,60,31853
4,43,37,20,9.0,M,1.46,1.71,0.727,8.1999998,1.01,9,16,72,36,36,100,0,3,8.3999996,2.2,1,50,31899
4,43,37,20,9.0,M,1.46,1.71,0.727,8.1999998,1.01,9,16,72,36,36,100,0,3,8.3999996,2.2,1,60,31855
4,43,37,20,9.0,M,1.46,1.71,0.727,8.1999998,1.01,9,16,72,36,36,100,0,3,8.3999996,2.2,1,70,31916
4,43,37,20,9.0,M,1.46,1.71,0.727,8.1999998,1.01,9,16,72,36,36,100,0,3,8.3999996,2.2,1,65,31900
4,43,37,20,9.0,M,1.46,1.71,0.727,8.1999998,1.01,9,16,72,36,36,100,0,3,8.3999996,2.2,1,50,31889
4,43,37,20,9.0,M,1.46,1.71,0.727,8.1999998,1.01,9,16,72,36,36,100,0,3,8.3999996,2.2,1,60,31854
4,43,37,20,9.0,M,1.46,1.71,0.727,8.1999998,1.01,9,16,72,36,36,100,0,3,8.3999996,2.2,1,80,31887
4,43,37,20,9.0,M,1.46,1.71,0.727,8.1999998,1.01,9,16,72,36,36,100,0,3,8.3999996,2.2,1,40,31905
4,43,37,20,9.0,M,1.46,1.71,0.727,8.1999998,1.01,9,16,72,36,36,100,0,3,8.3999996,2.2,1,30,31881
4,43,37,20,9.0,M,1.46,1.71,0.727,8.1999998,1.01,9,16,72,36,36,100,0,3,8.3999996,2.2,1,10,31915
4,43,37,20,9.0,M,1.46,1.71,0.727,8.1999998,1.01,9,16,72,36,36,100,0,3,8.3999996,2.2,1,70,31901
4,43,37,20,9.0,M,1.46,1.71,0.727,8.1999998,1.01,9,16,72,36,36,100,0,3,8.3999996,2.2,1,50,31904
4,43,37,20,9.0,M,1.46,1.71,0.727,8.1999998,1.01,9,16,72,36,36,100,0,3,8.3999996,2.2,1,50,31920
4,43,37,20,9.0,M,1.46,1.71,0.727,8.1999998,1.01,9,16,72,36,36,100,0,3,8.3999996,2.2,1,60,31856
4,43,37,20,9.0,M,1.46,1.71,0.727,8.1999998,1.01,9,16,72,36,36,100,0,3,8.3999996,2.2,1,50,31871
4,43,37,20,9.0,M,1.46,1.71,0.727,8.1999998,1.01,9,16,72,36,36,100,0,3,8.3999996,2.2,1,100,31921
4,43,37,20,9.0,M,1.46,1.71,0.727,8.1999998,1.01,9,16,72,36,36,100,0,3,8.3999996,2.2,1,25,31903
4,43,37,20,9.0,M,1.46,1.71,0.727,8.1999998,1.01,9,16,72,36,36,100,0,3,8.3999996,2.2,1,50,31902
4,43,37,20,9.0,M,1.46,1.71,0.727,8.1999998,1.01,9,16,72,36,36,100,0,3,8.3999996,2.2,1,60,31846
4,43,37,20,9.0,M,1.46,1.71,0.727,8.1999998,1.01,9,16,72,36,36,100,0,3,8.3999996,2.2,1,60,31910
4,43,37,20,9.0,M,1.46,1.71,0.727,8.1999998,1.01,9,16,72,36,36,100,0,3,8.3999996,2.2,1,60,31897
4,43,37,20,9.0,M,1.46,1.71,0.727,8.1999998,1.01,9,16,72,36,36,100,0,3,8.3999996,2.2,1,30,31922
4,43,37,20,9.0,M,1.46,1.71,0.727,8.1999998,1.01,9,16,72,36,36,100,0,3,8.3999996,2.2,1,40,31906
4,43,37,20,9.0,M,1.46,1.71,0.727,8.1999998,1.01,9,16,72,36,36,100,0,3,8.3999996,2.2,1,20,31969
4,43,37,20,9.0,M,1.46,1.71,0.727,8.1999998,1.01,9,16,72,36,36,100,0,3,8.3999996,2.2,1,60,31847
4,43,37,20,9.0,M,1.46,1.71,0.727,8.1999998,1.01,9,16,72,36,36,100,0,3,8.3999996,2.2,1,70,31898
4,43,37,20,9.0,M,1.46,1.71,0.727,8.1999998,1.01,9,16,72,36,36,100,0,3,8.3999996,2.2,1,40,31933
4,43,37,20,9.0,M,1.46,1.71,0.727,8.1999998,1.01,9,16,72,36,36,100,0,3,8.3999996,2.2,1,20,31864
4,43,37,20,9.0,M,1.46,1.71,0.727,8.1999998,1.01,9,16,72,36,36,100,0,3,8.3999996,2.2,1,70,31944
4,43,37,20,9.0,M,1.46,1.71,0.727,8.1999998,1.01,9,16,72,36,36,100,0,3,8.3999996,2.2,1,40,31953
4,43,37,20,9.0,M,1.46,1.71,0.727,8.1999998,1.01,9,16,72,36,36,100,0,3,8.3999996,2.2,1,60,31940
4,43,37,20,9.0,M,1.46,1.71,0.727,8.1999998,1.01,9,16,72,36,36,100,0,3,8.3999996,2.2,1,60,31860
4,43,37,20,9.0,M,1.46,1.71,0.727,8.1999998,1.01,9,16,72,36,36,100,0,3,8.3999996,2.2,1,50,31909
4,43,37,20,9.0,M,1.46,1.71,0.727,8.1999998,1.01,9,16,72,36,36,100,0,3,8.3999996,2.2,1,50,31938
4,43,37,20,9.0,M,1.46,1.71,0.727,8.1999998,1.01,9,16,72,36,36,100,0,3,8.3999996,2.2,1,20,31861
4,43,37,20,9.0,M,1.46,1.71,0.727,8.1999998,1.01,9,16,72,36,36,100,0,3,8.3999996,2.2,1,40,31844
4,43,37,20,9.0,M,1.46,1.71,0.727,8.1999998,1.01,9,16,72,36,36,100,0,3,8.3999996,2.2,1,30,31862
4,43,37,20,9.0,M,1.46,1.71,0.727,8.1999998,1.01,9,16,72,36,36,100,0,3,8.3999996,2.2,1,60,31936
4,43,37,20,9.0,M,1.46,1.71,0.727,8.1999998,1.01,9,16,72,36,36,100,0,3,8.3999996,2.2,1,70,31863
4,43,37,20,9.0,M,1.46,1.71,0.727,8.1999998,1.01,9,16,72,36,36,100,0,3,8.3999996,2.2,1,60,31934
4,43,37,20,9.0,M,1.46,1.71,0.727,8.1999998,1.01,9,16,72,36,36,100,0,3,8.3999996,2.2,1,80,31927
4,43,37,20,9.0,M,1.46,1.71,0.727,8.1999998,1.01,9,16,72,36,36,100,0,3,8.3999996,2.2,1,20,31841
4,43,37,20,9.0,M,1.46,1.71,0.727,8.1999998,1.01,9,16,72,36,36,100,0,3,8.3999996,2.2,1,60,31848
4,43,37,20,9.0,M,1.46,1.71,0.727,8.1999998,1.01,9,16,72,36,36,100,0,3,8.3999996,2.2,1,70,31840
4,43,37,20,9.0,M,1.46,1.71,0.727,8.1999998,1.01,9,16,72,36,36,100,0,3,8.3999996,2.2,1,25,31928
4,43,37,20,9.0,M,1.46,1.71,0.727,8.1999998,1.01,9,16,72,36,36,100,0,3,8.3999996,2.2,1,60,31859
4,43,37,20,9.0,M,1.46,1.71,0.727,8.1999998,1.01,9,16,72,36,36,100,0,3,8.3999996,2.2,1,20,31912
4,43,37,20,9.0,M,1.46,1.71,0.727,8.1999998,1.01,9,16,72,36,36,100,0,3,8.3999996,2.2,1,40,31955
4,43,37,20,9.0,M,1.46,1.71,0.727,8.1999998,1.01,9,16,72,36,36,100,0,3,8.3999996,2.2,1,50,31839
4,43,37,20,9.0,M,1.46,1.71,0.727,8.1999998,1.01,9,16,72,36,36,100,0,3,8.3999996,2.2,1,60,31964
4,43,37,20,9.0,M,1.46,1.71,0.727,8.1999998,1.01,9,16,72,36,36,100,0,3,8.3999996,2.2,1,20,31926
4,43,37,20,9.0,M,1.46,1.71,0.727,8.1999998,1.01,9,16,72,36,36,100,0,3,8.3999996,2.2,1,40,31913
4,43,37,20,9.0,M,1.46,1.71,0.727,8.1999998,1.01,9,16,72,36,36,100,0,3,8.3999996,2.2,1,60,1124
4,43,37,20,9.0,M,1.46,1.71,0.727,8.1999998,1.01,9,16,72,36,36,100,0,3,8.3999996,2.2,1,40,1130
4,43,37,20,9.0,M,1.46,1.71,0.727,8.1999998,1.01,9,16,72,36,36,100,0,3,8.3999996,2.2,1,30,1132
4,43,37,20,9.0,M,1.46,1.71,0.727,8.1999998,1.01,9,16,72,36,36,100,0,3,8.3999996,2.2,1,20,1409
4,43,37,20,9.0,M,1.46,1.71,0.727,8.1999998,1.01,9,16,72,36,36,100,0,3,8.3999996,2.2,1,60,1116
5,31,40,29,5.0,M,1.48,1.83,1.164,8.0,1.12,10,17,48,38,38,99,0,3,9.8000002,2.0999999,1,50,1239
5,31,40,29,5.0,M,1.48,1.83,1.164,8.0,1.12,10,17,48,38,38,99,0,3,9.8000002,2.0999999,1,50,1238
5,31,40,29,5.0,M,1.48,1.83,1.164,8.0,1.12,10,17,48,38,38,99,0,3,9.8000002,2.0999999,1,20,1344
5,31,40,29,5.0,M,1.48,1.83,1.164,8.0,1.12,10,17,48,38,38,99,0,3,9.8000002,2.0999999,1,70,1135
5,31,40,29,5.0,M,1.48,1.83,1.164,8.0,1.12,10,17,48,38,38,99,0,3,9.8000002,2.0999999,1,70,1128
5,31,40,29,5.0,M,1.48,1.83,1.164,8.0,1.12,10,17,48,38,38,99,0,3,9.8000002,2.0999999,1,70,1127
5,31,40,29,5.0,M,1.48,1.83,1.164,8.0,1.12,10,17,48,38,38,99,0,3,9.8000002,2.0999999,1,60,1117
5,31,40,29,5.0,M,1.48,1.83,1.164,8.0,1.12,10,17,48,38,38,99,0,3,9.8000002,2.0999999,1,60,1118
5,31,40,29,5.0,M,1.48,1.83,1.164,8.0,1.12,10,17,48,38,38,99,0,3,9.8000002,2.0999999,1,70,1126
5,31,40,29,5.0,M,1.48,1.83,1.164,8.0,1.12,10,17,48,38,38,99,0,3,9.8000002,2.0999999,1,70,1125
5,31,40,29,5.0,M,1.48,1.83,1.164,8.0,1.12,10,17,48,38,38,99,0,3,9.8000002,2.0999999,1,50,1129
5,31,40,29,5.0,M,1.48,1.83,1.164,8.0,1.12,10,17,48,38,38,99,0,3,9.8000002,2.0999999,1,20,1524
5,31,40,29,5.0,M,1.48,1.83,1.164,8.0,1.12,10,17,48,38,38,99,0,3,9.8000002,2.0999999,1,20,1345
5,31,40,29,5.0,M,1.48,1.83,1.164,8.0,1.12,10,17,48,38,38,99,0,3,9.8000002,2.0999999,1,30,1526
5,31,40,29,5.0,M,1.48,1.83,1.164,8.0,1.12,10,17,48,38,38,99,0,3,9.8000002,2.0999999,1,50,31836
5,31,40,29,5.0,M,1.48,1.83,1.164,8.0,1.12,10,17,48,38,38,99,0,3,9.8000002,2.0999999,1,50,31833
5,31,40,29,5.0,M,1.48,1.83,1.164,8.0,1.12,10,17,48,38,38,99,0,3,9.8000002,2.0999999,1,20,31888
5,31,40,29,5.0,M,1.48,1.83,1.164,8.0,1.12,10,17,48,38,38,99,0,3,9.8000002,2.0999999,1,35,31825
5,31,40,29,5.0,M,1.48,1.83,1.164,8.0,1.12,10,17,48,38,38,99,0,3,9.8000002,2.0999999,1,25,31865
5,31,40,29,5.0,M,1.48,1.83,1.164,8.0,1.12,10,17,48,38,38,99,0,3,9.8000002,2.0999999,1,50,31879
5,31,40,29,5.0,M,1.48,1.83,1.164,8.0,1.12,10,17,48,38,38,99,0,3,9.8000002,2.0999999,1,30,31878
5,31,40,29,5.0,M,1.48,1.83,1.164,8.0,1.12,10,17,48,38,38,99,0,3,9.8000002,2.0999999,1,60,31818
5,31,40,29,5.0,M,1.48,1.83,1.164,8.0,1.12,10,17,48,38,38,99,0,3,9.8000002,2.0999999,1,60,31823
5,31,40,29,5.0,M,1.48,1.83,1.164,8.0,1.12,10,17,48,38,38,99,0,3,9.8000002,2.0999999,1,50,31874
5,31,40,29,5.0,M,1.48,1.83,1.164,8.0,1.12,10,17,48,38,38,99,0,3,9.8000002,2.0999999,1,70,31873
5,31,40,29,5.0,M,1.48,1.83,1.164,8.0,1.12,10,17,48,38,38,99,0,3,9.8000002,2.0999999,1,30,31875
5,31,40,29,5.0,M,1.48,1.83,1.164,8.0,1.12,10,17,48,38,38,99,0,3,9.8000002,2.0999999,1,75,31815
10,52,28,20,9.0,M,1.5,1.72,0.59200001,7.5,0.81999999,10,15,78,23,23,99,0,5,1.7,2.0,2,50,31886
10,52,28,20,9.0,M,1.5,1.72,0.59200001,7.5,0.81999999,10,15,78,23,23,99,0,5,1.7,2.0,2,30,31893
10,52,28,20,9.0,M,1.5,1.72,0.59200001,7.5,0.81999999,10,15,78,23,23,99,0,5,1.7,2.0,2,30,31868
10,52,28,20,9.0,M,1.5,1.72,0.59200001,7.5,0.81999999,10,15,78,23,23,99,0,5,1.7,2.0,2,40,31870
10,52,28,20,9.0,M,1.5,1.72,0.59200001,7.5,0.81999999,10,15,78,23,23,99,0,5,1.7,2.0,2,10,1132
13,40,40,20,9.0,M,1.41,1.71,1.562,6.4000001,1.41,11,16,54,15,14,82,0,2,0.0,1.6,2,40,31820
6,25,46,29,5.0,M,1.36,1.8200001,2.2160001,5.8000002,2.2,11,21,38,18,15,61,25,1,0.0,1.6,1,60,31829
17,44,34,22,9.0,M,0.99000001,1.75,5.9229999,5.0999999,3.6900001,15,27,48,12,7,29,40,1,0.0,1.6,1,60,31822
5,34,28,38,5.0,F,1.3099999,1.92,0.498,7.4000001,0.98000002,9,27,69,29,28,87,0,2,7.4000001,2.0,1,20,31910
5,34,28,38,5.0,F,1.3099999,1.92,0.498,7.4000001,0.98000002,9,27,69,29,28,87,0,2,7.4000001,2.0,1,20,31896
5,34,28,38,5.0,F,1.3099999,1.92,0.498,7.4000001,0.98000002,9,27,69,29,28,87,0,2,7.4000001,2.0,1,40,31872
5,34,28,38,5.0,F,1.3099999,1.92,0.498,7.4000001,0.98000002,9,27,69,29,28,87,0,2,7.4000001,2.0,1,5,1802
4,17,36,47,3.0,F,1.58,1.98,1.4350001,7.3000002,1.4400001,11,31,54,31,31,93,0,3,11.8,1.6,1,20,1416
4,17,36,47,3.0,F,1.58,1.98,1.4350001,7.3000002,1.4400001,11,31,54,31,31,93,0,3,11.8,1.6,1,45,31892
4,17,36,47,3.0,F,1.58,1.98,1.4350001,7.3000002,1.4400001,11,31,54,31,31,93,0,3,11.8,1.6,1,30,31895
4,17,36,47,3.0,F,1.58,1.98,1.4350001,7.3000002,1.4400001,11,31,54,31,31,93,0,3,11.8,1.6,1,30,31812
9,61,19,20,10.0,M,1.37,1.73,0.74400002,6.6999998,0.75,11,11,45,13,12,82,0,1,0.0,2.0,1,40,31934
9,61,19,20,10.0,M,1.37,1.73,0.74400002,6.6999998,0.75,11,11,45,13,12,82,0,1,0.0,2.0,1,40,31991
9,61,19,20,10.0,M,1.37,1.73,0.74400002,6.6999998,0.75,11,11,45,13,12,82,0,1,0.0,2.0,1,15,31840
5,33,31,36,5.0,F,1.35,1.9,1.9299999,6.0999999,1.3200001,12,20,34,15,17,82,0,1,0.0,1.6,1,20,1416
5,33,31,36,5.0,F,1.35,1.9,1.9299999,6.0999999,1.3200001,12,20,34,15,17,82,0,1,0.0,1.6,1,60,1080
5,33,31,36,5.0,F,1.35,1.9,1.9299999,6.0999999,1.3200001,12,20,34,15,17,82,0,1,0.0,1.6,1,70,1078
5,33,31,36,5.0,F,1.35,1.9,1.9299999,6.0999999,1.3200001,12,20,34,15,17,82,0,1,0.0,1.6,1,70,1079
5,33,31,36,5.0,F,1.35,1.9,1.9299999,6.0999999,1.3200001,12,20,34,15,17,82,0,1,0.0,1.6,1,30,1412
5,33,31,36,5.0,F,1.35,1.9,1.9299999,6.0999999,1.3200001,12,20,34,15,17,82,0,1,0.0,1.6,1,20,1343
5,33,31,36,5.0,F,1.35,1.9,1.9299999,6.0999999,1.3200001,12,20,34,15,17,82,0,1,0.0,1.6,1,30,1413
5,33,31,36,5.0,F,1.35,1.9,1.9299999,6.0999999,1.3200001,12,20,34,15,17,82,0,1,0.0,1.6,1,20,1129
5,33,31,36,5.0,F,1.35,1.9,1.9299999,6.0999999,1.3200001,12,20,34,15,17,82,0,1,0.0,1.6,1,60,31805
5,33,31,36,5.0,F,1.35,1.9,1.9299999,6.0999999,1.3200001,12,20,34,15,17,82,0,1,0.0,1.6,1,30,31876
-4,-4,-4,-4,,-,-4.0,,-4.0,-4.0,-4.0,-4,-4,-4,-4,-4,-4,-4,-4,-4.0,-4.0,-4,100,36
-4,-4,-4,-4,,-,-4.0,,-4.0,-4.0,-4.0,-4,-4,-4,-4,-4,-4,-4,-4,-4.0,-4.0,-4,50,1645
-4,-4,-4,-4,,-,-4.0,,-4.0,-4.0,-4.0,-4,-4,-4,-4,-4,-4,-4,-4,-4.0,-4.0,-4,50,1659
-4,-4,-4,-4,,-,-4.0,,-4.0,-4.0,-4.0,-4,-4,-4,-4,-4,-4,-4,-4,-4.0,-4.0,-4,50,1823
-4,-4,-4,-4,,-,-4.0,,-4.0,-4.0,-4.0,-4,-4,-4,-4,-4,-4,-4,-4,-4.0,-4.0,-4,50,1694
-4,-4,-4,-4,,-,-4.0,,-4.0,-4.0,-4.0,-4,-4,-4,-4,-4,-4,-4,-4,-4.0,-4.0,-4,50,1802
-4,-4,-4,-4,,-,-4.0,,-4.0,-4.0,-4.0,-4,-4,-4,-4,-4,-4,-4,-4,-4.0,-4.0,-4,34,1317
3,44,35,21,9.0,M,1.47,1.73,0.75800002,7.9000001,0.89999998,9,16,66,32,31,100,0,5,8.6999998,0.69999999,2,20,1800
3,44,35,21,9.0,M,1.47,1.73,0.75800002,7.9000001,0.89999998,9,16,66,32,31,100,0,5,8.6999998,0.69999999,2,10,1798
3,44,35,21,9.0,M,1.47,1.73,0.75800002,7.9000001,0.89999998,9,16,66,32,31,100,0,5,8.6999998,0.69999999,2,10,1797
3,40,40,20,9.0,M,1.49,1.71,0.69499999,8.1999998,0.92000002,9,16,71,37,38,97,0,7,11.3,0.60000002,2,10,31894
3,40,40,20,9.0,M,1.49,1.71,0.69499999,8.1999998,0.92000002,9,16,71,37,38,97,0,7,11.3,0.60000002,2,40,31986
3,40,40,20,9.0,M,1.49,1.71,0.69499999,8.1999998,0.92000002,9,16,71,37,38,97,0,7,11.3,0.60000002,2,70,31838
3,40,40,20,9.0,M,1.49,1.71,0.69499999,8.1999998,0.92000002,9,16,71,37,38,97,0,7,11.3,0.60000002,2,40,31971
3,40,40,20,9.0,M,1.49,1.71,0.69499999,8.1999998,0.92000002,9,16,71,37,38,97,0,7,11.3,0.60000002,2,70,31919
3,40,40,20,9.0,M,1.49,1.71,0.69499999,8.1999998,0.92000002,9,16,71,37,38,97,0,7,11.3,0.60000002,2,100,32004
3,40,40,20,9.0,M,1.49,1.71,0.69499999,8.1999998,0.92000002,9,16,71,37,38,97,0,7,11.3,0.60000002,2,20,31939
3,40,40,20,9.0,M,1.49,1.71,0.69499999,8.1999998,0.92000002,9,16,71,37,38,97,0,7,11.3,0.60000002,2,40,31948
3,40,40,20,9.0,M,1.49,1.71,0.69499999,8.1999998,0.92000002,9,16,71,37,38,97,0,7,11.3,0.60000002,2,20,31852
3,40,40,20,9.0,M,1.49,1.71,0.69499999,8.1999998,0.92000002,9,16,71,37,38,97,0,7,11.3,0.60000002,2,10,1767
3,40,40,20,9.0,M,1.49,1.71,0.69499999,8.1999998,0.92000002,9,16,71,37,38,97,0,7,11.3,0.60000002,2,20,1766
3,40,40,20,9.0,M,1.49,1.71,0.69499999,8.1999998,0.92000002,9,16,71,37,38,97,0,7,11.3,0.60000002,2,30,340
3,40,40,20,9.0,M,1.49,1.71,0.69499999,8.1999998,0.92000002,9,16,71,37,38,97,0,7,11.3,0.60000002,2,50,1350
3,40,40,20,9.0,M,1.49,1.71,0.69499999,8.1999998,0.92000002,9,16,71,37,38,97,0,7,11.3,0.60000002,2,70,1353
3,40,40,20,9.0,M,1.49,1.71,0.69499999,8.1999998,0.92000002,9,16,71,37,38,97,0,7,11.3,0.60000002,2,70,1355
3,40,40,20,9.0,M,1.49,1.71,0.69499999,8.1999998,0.92000002,9,16,71,37,38,97,0,7,11.3,0.60000002,2,70,1356
3,40,40,20,9.0,M,1.49,1.71,0.69499999,8.1999998,0.92000002,9,16,71,37,38,97,0,7,11.3,0.60000002,2,50,1337
3,40,40,20,9.0,M,1.49,1.71,0.69499999,8.1999998,0.92000002,9,16,71,37,38,97,0,7,11.3,0.60000002,2,60,1339
3,40,40,20,9.0,M,1.49,1.71,0.69499999,8.1999998,0.92000002,9,16,71,37,38,97,0,7,11.3,0.60000002,2,60,1338
3,40,40,20,9.0,M,1.49,1.71,0.69499999,8.1999998,0.92000002,9,16,71,37,38,97,0,7,11.3,0.60000002,2,10,1130
3,40,40,20,9.0,M,1.49,1.71,0.69499999,8.1999998,0.92000002,9,16,71,37,38,97,0,7,11.3,0.60000002,2,10,1132
3,40,40,20,9.0,M,1.49,1.71,0.69499999,8.1999998,0.92000002,9,16,71,37,38,97,0,7,11.3,0.60000002,2,20,1838
3,40,40,20,9.0,M,1.49,1.71,0.69499999,8.1999998,0.92000002,9,16,71,37,38,97,0,7,11.3,0.60000002,2,30,1819
3,40,40,20,9.0,M,1.49,1.71,0.69499999,8.1999998,0.92000002,9,16,71,37,38,97,0,7,11.3,0.60000002,2,15,1821
3,40,40,20,9.0,M,1.49,1.71,0.69499999,8.1999998,0.92000002,9,16,71,37,38,97,0,7,11.3,0.60000002,2,5,1823
3,40,40,20,9.0,M,1.49,1.71,0.69499999,8.1999998,0.92000002,9,16,71,37,38,97,0,7,11.3,0.60000002,2,100,1330
3,40,40,20,9.0,M,1.49,1.71,0.69499999,8.1999998,0.92000002,9,16,71,37,38,97,0,7,11.3,0.60000002,2,20,1839
3,40,40,20,9.0,M,1.49,1.71,0.69499999,8.1999998,0.92000002,9,16,71,37,38,97,0,7,11.3,0.60000002,2,30,1825
2,39,40,21,9.0,M,1.42,1.73,0.89499998,7.9000001,0.88,9,13,52,29,28,100,0,2,10.1,0.5,2,60,1344
2,39,40,21,9.0,M,1.42,1.73,0.89499998,7.9000001,0.88,9,13,52,29,28,100,0,2,10.1,0.5,2,50,1345
2,39,40,21,9.0,M,1.42,1.73,0.89499998,7.9000001,0.88,9,13,52,29,28,100,0,2,10.1,0.5,2,30,1725
2,39,40,21,9.0,M,1.42,1.73,0.89499998,7.9000001,0.88,9,13,52,29,28,100,0,2,10.1,0.5,2,30,1824
2,39,40,21,9.0,M,1.42,1.73,0.89499998,7.9000001,0.88,9,13,52,29,28,100,0,2,10.1,0.5,2,30,1591
2,39,40,21,9.0,M,1.42,1.73,0.89499998,7.9000001,0.88,9,13,52,29,28,100,0,2,10.1,0.5,2,60,1343
2,39,40,21,9.0,M,1.42,1.73,0.89499998,7.9000001,0.88,9,13,52,29,28,100,0,2,10.1,0.5,2,20,1514
2,39,40,21,9.0,M,1.42,1.73,0.89499998,7.9000001,0.88,9,13,52,29,28,100,0,2,10.1,0.5,2,30,31895
3,55,27,18,11.0,M,1.5,1.6900001,0.78000003,7.5,0.93000001,9,14,63,22,22,94,0,4,2.0,0.69999999,2,30,31943
3,55,27,18,11.0,M,1.5,1.6900001,0.78000003,7.5,0.93000001,9,14,63,22,22,94,0,4,2.0,0.69999999,2,100,31918
3,55,27,18,11.0,M,1.5,1.6900001,0.78000003,7.5,0.93000001,9,14,63,22,22,94,0,4,2.0,0.69999999,2,60,31906
3,55,27,18,11.0,M,1.5,1.6900001,0.78000003,7.5,0.93000001,9,14,63,22,22,94,0,4,2.0,0.69999999,2,40,31957
3,55,27,18,11.0,M,1.5,1.6900001,0.78000003,7.5,0.93000001,9,14,63,22,22,94,0,4,2.0,0.69999999,2,60,31986
3,55,27,18,11.0,M,1.5,1.6900001,0.78000003,7.5,0.93000001,9,14,63,22,22,94,0,4,2.0,0.69999999,2,70,31850
3,55,27,18,11.0,M,1.5,1.6900001,0.78000003,7.5,0.93000001,9,14,63,22,22,94,0,4,2.0,0.69999999,2,70,31947
3,55,27,18,11.0,M,1.5,1.6900001,0.78000003,7.5,0.93000001,9,14,63,22,22,94,0,4,2.0,0.69999999,2,70,31925
3,55,27,18,11.0,M,1.5,1.6900001,0.78000003,7.5,0.93000001,9,14,63,22,22,94,0,4,2.0,0.69999999,2,100,31930
3,55,27,18,11.0,M,1.5,1.6900001,0.78000003,7.5,0.93000001,9,14,63,22,22,94,0,4,2.0,0.69999999,2,20,31866
3,55,27,18,11.0,M,1.5,1.6900001,0.78000003,7.5,0.93000001,9,14,63,22,22,94,0,4,2.0,0.69999999,2,80,31956
3,55,27,18,11.0,M,1.5,1.6900001,0.78000003,7.5,0.93000001,9,14,63,22,22,94,0,4,2.0,0.69999999,2,20,31951
3,55,27,18,11.0,M,1.5,1.6900001,0.78000003,7.5,0.93000001,9,14,63,22,22,94,0,4,2.0,0.69999999,2,15,31911
3,55,27,18,11.0,M,1.5,1.6900001,0.78000003,7.5,0.93000001,9,14,63,22,22,94,0,4,2.0,0.69999999,2,60,31883
3,55,27,18,11.0,M,1.5,1.6900001,0.78000003,7.5,0.93000001,9,14,63,22,22,94,0,4,2.0,0.69999999,2,10,1856
3,55,27,18,11.0,M,1.5,1.6900001,0.78000003,7.5,0.93000001,9,14,63,22,22,94,0,4,2.0,0.69999999,2,10,1830
2,37,42,21,9.0,M,1.42,1.72,1.05,6.8000002,1.13,10,17,62,18,17,87,0,2,6.0,0.60000002,2,45,31824
2,37,42,21,9.0,M,1.42,1.72,1.05,6.8000002,1.13,10,17,62,18,17,87,0,2,6.0,0.60000002,2,85,31885
2,37,42,21,9.0,M,1.42,1.72,1.05,6.8000002,1.13,10,17,62,18,17,87,0,2,6.0,0.60000002,2,60,31811
2,37,42,21,9.0,M,1.42,1.72,1.05,6.8000002,1.13,10,17,62,18,17,87,0,2,6.0,0.60000002,2,20,31835
2,41,33,26,9.0,M,1.4,1.8,0.63,8.5,0.64999998,9,16,51,40,40,100,0,46,21.299999,0.69999999,2,60,31949
2,41,33,26,9.0,M,1.4,1.8,0.63,8.5,0.64999998,9,16,51,40,40,100,0,46,21.299999,0.69999999,2,20,31956
6,53,18,29,10.0,M,1.4299999,1.85,1.183,6.4000001,0.62,11,17,45,15,15,81,0,2,0.0,0.0,1,40,31945
6,53,18,29,10.0,M,1.4299999,1.85,1.183,6.4000001,0.62,11,17,45,15,15,81,0,2,0.0,0.0,1,55,31942
6,53,18,29,10.0,M,1.4299999,1.85,1.183,6.4000001,0.62,11,17,45,15,15,81,0,2,0.0,0.0,1,80,31951
6,53,18,29,10.0,M,1.4299999,1.85,1.183,6.4000001,0.62,11,17,45,15,15,81,0,2,0.0,0.0,1,60,31852
6,53,18,29,10.0,M,1.4299999,1.85,1.183,6.4000001,0.62,11,17,45,15,15,81,0,2,0.0,0.0,1,25,31883
6,53,18,29,10.0,M,1.4299999,1.85,1.183,6.4000001,0.62,11,17,45,15,15,81,0,2,0.0,0.0,1,15,31838
8,24,46,30,5.0,M,1.22,1.84,1.8889999,6.3000002,1.84,10,18,41,18,17,83,0,4,0.0,0.0,1,10,1345
8,24,46,30,5.0,M,1.22,1.84,1.8889999,6.3000002,1.84,10,18,41,18,17,83,0,4,0.0,0.0,1,10,1743
8,24,46,30,5.0,M,1.22,1.84,1.8889999,6.3000002,1.84,10,18,41,18,17,83,0,4,0.0,0.0,1,55,31835
8,24,46,30,5.0,M,1.22,1.84,1.8889999,6.3000002,1.84,10,18,41,18,17,83,0,4,0.0,0.0,1,40,31831
8,24,46,30,5.0,M,1.22,1.84,1.8889999,6.3000002,1.84,10,18,41,18,17,83,0,4,0.0,0.0,1,50,31826
8,24,46,30,5.0,M,1.22,1.84,1.8889999,6.3000002,1.84,10,18,41,18,17,83,0,4,0.0,0.0,1,40,31807
8,24,46,30,5.0,M,1.22,1.84,1.8889999,6.3000002,1.84,10,18,41,18,17,83,0,4,0.0,0.0,1,40,31877
8,24,46,30,5.0,M,1.22,1.84,1.8889999,6.3000002,1.84,10,18,41,18,17,83,0,4,0.0,0.0,1,40,31830
8,24,46,30,5.0,M,1.22,1.84,1.8889999,6.3000002,1.84,10,18,41,18,17,83,0,4,0.0,0.0,1,15,31811
8,24,46,30,5.0,M,1.22,1.84,1.8889999,6.3000002,1.84,10,18,41,18,17,83,0,4,0.0,0.0,1,60,31806
8,39,30,31,5.0,M,1.34,1.86,1.2029999,7.5999999,1.48,10,19,40,31,31,98,0,3,20.5,0.2,1,15,31811
8,39,30,31,5.0,M,1.34,1.86,1.2029999,7.5999999,1.48,10,19,40,31,31,98,0,3,20.5,0.2,1,20,31890
4,47,36,17,9.0,M,1.3200001,1.66,0.45900002,8.0,0.60000002,9,10,47,111,111,100,0,4,14.3,38.900002,2,70,1852
4,47,36,17,9.0,M,1.3200001,1.66,0.45900002,8.0,0.60000002,9,10,47,111,111,100,0,4,14.3,38.900002,2,70,1857
4,47,36,17,9.0,M,1.3200001,1.66,0.45900002,8.0,0.60000002,9,10,47,111,111,100,0,4,14.3,38.900002,2,70,1853
4,47,36,17,9.0,M,1.3200001,1.66,0.45900002,8.0,0.60000002,9,10,47,111,111,100,0,4,14.3,38.900002,2,70,1854
4,47,36,17,9.0,M,1.3200001,1.66,0.45900002,8.0,0.60000002,9,10,47,111,111,100,0,4,14.3,38.900002,2,70,1855
4,47,36,17,9.0,M,1.3200001,1.66,0.45900002,8.0,0.60000002,9,10,47,111,111,100,0,4,14.3,38.900002,2,70,1856
4,47,36,17,9.0,M,1.3200001,1.66,0.45900002,8.0,0.60000002,9,10,47,111,111,100,0,4,14.3,38.900002,2,20,1839
4,47,36,17,9.0,M,1.3200001,1.66,0.45900002,8.0,0.60000002,9,10,47,111,111,100,0,4,14.3,38.900002,2,30,329
4,47,36,17,9.0,M,1.3200001,1.66,0.45900002,8.0,0.60000002,9,10,47,111,111,100,0,4,14.3,38.900002,2,60,1858
4,47,36,17,9.0,M,1.3200001,1.66,0.45900002,8.0,0.60000002,9,10,47,111,111,100,0,4,14.3,38.900002,2,30,1840
4,47,36,17,9.0,M,1.3200001,1.66,0.45900002,8.0,0.60000002,9,10,47,111,111,100,0,4,14.3,38.900002,2,30,195
4,47,36,17,9.0,M,1.3200001,1.66,0.45900002,8.0,0.60000002,9,10,47,111,111,100,0,4,14.3,38.900002,2,10,1800
4,47,36,17,9.0,M,1.3200001,1.66,0.45900002,8.0,0.60000002,9,10,47,111,111,100,0,4,14.3,38.900002,2,10,1766
4,47,36,17,9.0,M,1.3200001,1.66,0.45900002,8.0,0.60000002,9,10,47,111,111,100,0,4,14.3,38.900002,2,20,1350
4,47,36,17,9.0,M,1.3200001,1.66,0.45900002,8.0,0.60000002,9,10,47,111,111,100,0,4,14.3,38.900002,2,10,1843
4,47,36,17,9.0,M,1.3200001,1.66,0.45900002,8.0,0.60000002,9,10,47,111,111,100,0,4,14.3,38.900002,2,70,1851
4,47,36,17,9.0,M,1.3200001,1.66,0.45900002,8.0,0.60000002,9,10,47,111,111,100,0,4,14.3,38.900002,2,30,1964
4,47,36,17,9.0,M,1.3200001,1.66,0.45900002,8.0,0.60000002,9,10,47,111,111,100,0,4,14.3,38.900002,2,100,1848
4,47,36,17,9.0,M,1.3200001,1.66,0.45900002,8.0,0.60000002,9,10,47,111,111,100,0,4,14.3,38.900002,2,70,1849
4,47,36,17,9.0,M,1.3200001,1.66,0.45900002,8.0,0.60000002,9,10,47,111,111,100,0,4,14.3,38.900002,2,33,1317
4,47,36,17,9.0,M,1.3200001,1.66,0.45900002,8.0,0.60000002,9,10,47,111,111,100,0,4,14.3,38.900002,2,10,1823
4,45,36,19,9.0,M,1.33,1.7,0.49899998,8.0,0.63999999,9,10,46,106,106,100,0,4,13.7,35.599998,2,30,1841
4,45,36,19,9.0,M,1.33,1.7,0.49899998,8.0,0.63999999,9,10,46,106,106,100,0,4,13.7,35.599998,2,30,1842
4,44,38,18,9.0,M,1.29,1.6799999,0.50700003,7.9000001,0.56,9,8,41,143,143,100,0,8,10.9,45.400002,2,75,31843
4,44,38,18,9.0,M,1.29,1.6799999,0.50700003,7.9000001,0.56,9,8,41,143,143,100,0,8,10.9,45.400002,2,50,32007
4,44,38,18,9.0,M,1.29,1.6799999,0.50700003,7.9000001,0.56,9,8,41,143,143,100,0,8,10.9,45.400002,2,100,32009
4,44,39,17,9.0,M,1.38,1.66,0.45300001,8.0,0.61000001,9,11,51,41,41,100,0,11,19.6,21.9,2,60,32006
4,44,39,17,9.0,M,1.38,1.66,0.45300001,8.0,0.61000001,9,11,51,41,41,100,0,11,19.6,21.9,2,100,31997
2,53,32,15,11.0,M,1.1900001,1.62,0.42899999,8.1000004,0.64999998,8,7,37,119,119,100,0,2,15.2,57.599998,2,60,31935
2,53,32,15,11.0,M,1.1900001,1.62,0.42899999,8.1000004,0.64999998,8,7,37,119,119,100,0,2,15.2,57.599998,2,40,31977
2,53,32,15,11.0,M,1.1900001,1.62,0.42899999,8.1000004,0.64999998,8,7,37,119,119,100,0,2,15.2,57.599998,2,100,31961
2,53,32,15,11.0,M,1.1900001,1.62,0.42899999,8.1000004,0.64999998,8,7,37,119,119,100,0,2,15.2,57.599998,2,40,31964
2,53,32,15,11.0,M,1.1900001,1.62,0.42899999,8.1000004,0.64999998,8,7,37,119,119,100,0,2,15.2,57.599998,2,85,31980
2,53,32,15,11.0,M,1.1900001,1.62,0.42899999,8.1000004,0.64999998,8,7,37,119,119,100,0,2,15.2,57.599998,2,100,31985
2,53,32,15,11.0,M,1.1900001,1.62,0.42899999,8.1000004,0.64999998,8,7,37,119,119,100,0,2,15.2,57.599998,2,20,31988
2,53,32,15,11.0,M,1.1900001,1.62,0.42899999,8.1000004,0.64999998,8,7,37,119,119,100,0,2,15.2,57.599998,2,40,31989
2,53,32,15,11.0,M,1.1900001,1.62,0.42899999,8.1000004,0.64999998,8,7,37,119,119,100,0,2,15.2,57.599998,2,100,31990
2,53,32,15,11.0,M,1.1900001,1.62,0.42899999,8.1000004,0.64999998,8,7,37,119,119,100,0,2,15.2,57.599998,2,85,31998
2,53,32,15,11.0,M,1.1900001,1.62,0.42899999,8.1000004,0.64999998,8,7,37,119,119,100,0,2,15.2,57.599998,2,40,32005
2,53,32,15,11.0,M,1.1900001,1.62,0.42899999,8.1000004,0.64999998,8,7,37,119,119,100,0,2,15.2,57.599998,2,40,31959
2,53,32,15,11.0,M,1.1900001,1.62,0.42899999,8.1000004,0.64999998,8,7,37,119,119,100,0,2,15.2,57.599998,2,60,32008
2,53,32,15,11.0,M,1.1900001,1.62,0.42899999,8.1000004,0.64999998,8,7,37,119,119,100,0,2,15.2,57.599998,2,40,32012
2,53,32,15,11.0,M,1.1900001,1.62,0.42899999,8.1000004,0.64999998,8,7,37,119,119,100,0,2,15.2,57.599998,2,20,32029
2,53,32,15,11.0,M,1.1900001,1.62,0.42899999,8.1000004,0.64999998,8,7,37,119,119,100,0,2,15.2,57.599998,2,60,32038
2,53,32,15,11.0,M,1.1900001,1.62,0.42899999,8.1000004,0.64999998,8,7,37,119,119,100,0,2,15.2,57.599998,2,60,32045
2,53,32,15,11.0,M,1.1900001,1.62,0.42899999,8.1000004,0.64999998,8,7,37,119,119,100,0,2,15.2,57.599998,2,60,32000
2,53,32,15,11.0,M,1.1900001,1.62,0.42899999,8.1000004,0.64999998,8,7,37,119,119,100,0,2,15.2,57.599998,2,25,31843
9,37,40,23,9.0,M,1.51,1.76,1.706,6.5999999,1.63,11,19,62,19,24,96,0,2,0.0,0.1,0,20,31836
13,41,35,24,9.0,M,1.4,1.77,1.411,7.9000001,1.6,9,19,62,43,43,100,0,2,8.8000002,0.2,1,100,31817
13,41,35,24,9.0,M,1.4,1.77,1.411,7.9000001,1.6,9,19,62,43,43,100,0,2,8.8000002,0.2,1,10,31867
13,41,35,24,9.0,M,1.4,1.77,1.411,7.9000001,1.6,9,19,62,43,43,100,0,2,8.8000002,0.2,1,20,31881
13,41,35,24,9.0,M,1.4,1.77,1.411,7.9000001,1.6,9,19,62,43,43,100,0,2,8.8000002,0.2,1,10,31871
13,41,35,24,9.0,M,1.4,1.77,1.411,7.9000001,1.6,9,19,62,43,43,100,0,2,8.8000002,0.2,1,40,31870
13,41,35,24,9.0,M,1.4,1.77,1.411,7.9000001,1.6,9,19,62,43,43,100,0,2,8.8000002,0.2,1,40,31946
13,41,35,24,9.0,M,1.4,1.77,1.411,7.9000001,1.6,9,19,62,43,43,100,0,2,8.8000002,0.2,1,30,31839
13,41,35,24,9.0,M,1.4,1.77,1.411,7.9000001,1.6,9,19,62,43,43,100,0,2,8.8000002,0.2,1,20,1409
2,32,36,32,5.0,M,1.5,1.86,1.571,8.0,1.49,10,23,55,56,56,100,0,3,15.6,0.2,1,50,31875
2,32,36,32,5.0,M,1.5,1.86,1.571,8.0,1.49,10,23,55,56,56,100,0,3,15.6,0.2,1,30,31891
2,32,36,32,5.0,M,1.5,1.86,1.571,8.0,1.49,10,23,55,56,56,100,0,3,15.6,0.2,1,30,31879
21,61,23,16,11.0,M,1.3200001,1.65,0.588,7.6999998,0.94999999,9,13,59,27,26,91,0,1,4.5,0.30000001,1,100,31973
21,61,23,16,11.0,M,1.3200001,1.65,0.588,7.6999998,0.94999999,9,13,59,27,26,91,0,1,4.5,0.30000001,1,60,31971
21,61,23,16,11.0,M,1.3200001,1.65,0.588,7.6999998,0.94999999,9,13,59,27,26,91,0,1,4.5,0.30000001,1,30,31976
21,61,23,16,11.0,M,1.3200001,1.65,0.588,7.6999998,0.94999999,9,13,59,27,26,91,0,1,4.5,0.30000001,1,80,31967
21,61,23,16,11.0,M,1.3200001,1.65,0.588,7.6999998,0.94999999,9,13,59,27,26,91,0,1,4.5,0.30000001,1,30,32023
21,61,23,16,11.0,M,1.3200001,1.65,0.588,7.6999998,0.94999999,9,13,59,27,26,91,0,1,4.5,0.30000001,1,100,32022
21,61,23,16,11.0,M,1.3200001,1.65,0.588,7.6999998,0.94999999,9,13,59,27,26,91,0,1,4.5,0.30000001,1,60,32018
21,61,23,16,11.0,M,1.3200001,1.65,0.588,7.6999998,0.94999999,9,13,59,27,26,91,0,1,4.5,0.30000001,1,60,32017
21,61,23,16,11.0,M,1.3200001,1.65,0.588,7.6999998,0.94999999,9,13,59,27,26,91,0,1,4.5,0.30000001,1,60,31983
21,61,23,16,11.0,M,1.3200001,1.65,0.588,7.6999998,0.94999999,9,13,59,27,26,91,0,1,4.5,0.30000001,1,100,32015
21,61,23,16,11.0,M,1.3200001,1.65,0.588,7.6999998,0.94999999,9,13,59,27,26,91,0,1,4.5,0.30000001,1,100,32010
21,61,23,16,11.0,M,1.3200001,1.65,0.588,7.6999998,0.94999999,9,13,59,27,26,91,0,1,4.5,0.30000001,1,20,32007
21,61,23,16,11.0,M,1.3200001,1.65,0.588,7.6999998,0.94999999,9,13,59,27,26,91,0,1,4.5,0.30000001,1,60,32001
21,61,23,16,11.0,M,1.3200001,1.65,0.588,7.6999998,0.94999999,9,13,59,27,26,91,0,1,4.5,0.30000001,1,70,31982
21,61,23,16,11.0,M,1.3200001,1.65,0.588,7.6999998,0.94999999,9,13,59,27,26,91,0,1,4.5,0.30000001,1,60,31937
21,61,23,16,11.0,M,1.3200001,1.65,0.588,7.6999998,0.94999999,9,13,59,27,26,91,0,1,4.5,0.30000001,1,30,31886
21,61,23,16,11.0,M,1.3200001,1.65,0.588,7.6999998,0.94999999,9,13,59,27,26,91,0,1,4.5,0.30000001,1,20,32026
21,61,23,16,11.0,M,1.3200001,1.65,0.588,7.6999998,0.94999999,9,13,59,27,26,91,0,1,4.5,0.30000001,1,25,31903
21,61,23,16,11.0,M,1.3200001,1.65,0.588,7.6999998,0.94999999,9,13,59,27,26,91,0,1,4.5,0.30000001,1,10,31868
21,61,23,16,11.0,M,1.3200001,1.65,0.588,7.6999998,0.94999999,9,13,59,27,26,91,0,1,4.5,0.30000001,1,60,31932
21,61,23,16,11.0,M,1.3200001,1.65,0.588,7.6999998,0.94999999,9,13,59,27,26,91,0,1,4.5,0.30000001,1,60,31931
21,61,23,16,11.0,M,1.3200001,1.65,0.588,7.6999998,0.94999999,9,13,59,27,26,91,0,1,4.5,0.30000001,1,30,31924
21,61,23,16,11.0,M,1.3200001,1.65,0.588,7.6999998,0.94999999,9,13,59,27,26,91,0,1,4.5,0.30000001,1,70,31923
21,61,23,16,11.0,M,1.3200001,1.65,0.588,7.6999998,0.94999999,9,13,59,27,26,91,0,1,4.5,0.30000001,1,20,31920
21,61,23,16,11.0,M,1.3200001,1.65,0.588,7.6999998,0.94999999,9,13,59,27,26,91,0,1,4.5,0.30000001,1,75,31917
21,61,23,16,11.0,M,1.3200001,1.65,0.588,7.6999998,0.94999999,9,13,59,27,26,91,0,1,4.5,0.30000001,1,40,31908
21,61,23,16,11.0,M,1.3200001,1.65,0.588,7.6999998,0.94999999,9,13,59,27,26,91,0,1,4.5,0.30000001,1,15,31900
21,61,23,16,11.0,M,1.3200001,1.65,0.588,7.6999998,0.94999999,9,13,59,27,26,91,0,1,4.5,0.30000001,1,20,32027
21,61,23,16,11.0,M,1.3200001,1.65,0.588,7.6999998,0.94999999,9,13,59,27,26,91,0,1,4.5,0.30000001,1,40,32048
21,61,23,16,11.0,M,1.3200001,1.65,0.588,7.6999998,0.94999999,9,13,59,27,26,91,0,1,4.5,0.30000001,1,20,32049
21,61,23,16,11.0,M,1.3200001,1.65,0.588,7.6999998,0.94999999,9,13,59,27,26,91,0,1,4.5,0.30000001,1,50,32050
21,61,23,16,11.0,M,1.3200001,1.65,0.588,7.6999998,0.94999999,9,13,59,27,26,91,0,1,4.5,0.30000001,1,70,32044
19,41,32,27,9.0,M,1.29,1.8099999,1.597,6.6999998,1.87,10,19,65,20,19,85,0,4,0.0,0.30000001,1,20,31808
19,41,32,27,9.0,M,1.29,1.8099999,1.597,6.6999998,1.87,10,19,65,20,19,85,0,4,0.0,0.30000001,1,20,31803
19,41,32,27,9.0,M,1.29,1.8099999,1.597,6.6999998,1.87,10,19,65,20,19,85,0,4,0.0,0.30000001,1,40,31823
19,41,32,27,9.0,M,1.29,1.8099999,1.597,6.6999998,1.87,10,19,65,20,19,85,0,4,0.0,0.30000001,1,40,31822
19,41,32,27,9.0,M,1.29,1.8099999,1.597,6.6999998,1.87,10,19,65,20,19,85,0,4,0.0,0.30000001,1,10,31874
19,41,32,27,9.0,M,1.29,1.8099999,1.597,6.6999998,1.87,10,19,65,20,19,85,0,4,0.0,0.30000001,1,40,31812
19,41,32,27,9.0,M,1.29,1.8099999,1.597,6.6999998,1.87,10,19,65,20,19,85,0,4,0.0,0.30000001,1,20,31801
46,47,29,24,9.0,M,1.29,1.78,1.161,8.0,1.24,10,17,49,30,30,93,0,1,24.700001,0.30000001,1,60,31933
46,47,29,24,9.0,M,1.29,1.78,1.161,8.0,1.24,10,17,49,30,30,93,0,1,24.700001,0.30000001,1,60,31946
46,47,29,24,9.0,M,1.29,1.78,1.161,8.0,1.24,10,17,49,30,30,93,0,1,24.700001,0.30000001,1,30,31858
46,47,29,24,9.0,M,1.29,1.78,1.161,8.0,1.24,10,17,49,30,30,93,0,1,24.700001,0.30000001,1,15,31857
46,47,29,24,9.0,M,1.29,1.78,1.161,8.0,1.24,10,17,49,30,30,93,0,1,24.700001,0.30000001,1,20,31856
46,47,29,24,9.0,M,1.29,1.78,1.161,8.0,1.24,10,17,49,30,30,93,0,1,24.700001,0.30000001,1,20,31854
46,47,29,24,9.0,M,1.29,1.78,1.161,8.0,1.24,10,17,49,30,30,93,0,1,24.700001,0.30000001,1,20,31860
46,47,29,24,9.0,M,1.29,1.78,1.161,8.0,1.24,10,17,49,30,30,93,0,1,24.700001,0.30000001,1,40,31851
46,47,29,24,9.0,M,1.29,1.78,1.161,8.0,1.24,10,17,49,30,30,93,0,1,24.700001,0.30000001,1,60,31861
46,47,29,24,9.0,M,1.29,1.78,1.161,8.0,1.24,10,17,49,30,30,93,0,1,24.700001,0.30000001,1,40,31848
46,47,29,24,9.0,M,1.29,1.78,1.161,8.0,1.24,10,17,49,30,30,93,0,1,24.700001,0.30000001,1,40,31846
46,47,29,24,9.0,M,1.29,1.78,1.161,8.0,1.24,10,17,49,30,30,93,0,1,24.700001,0.30000001,1,50,31881
46,47,29,24,9.0,M,1.29,1.78,1.161,8.0,1.24,10,17,49,30,30,93,0,1,24.700001,0.30000001,1,40,31935
46,47,29,24,9.0,M,1.29,1.78,1.161,8.0,1.24,10,17,49,30,30,93,0,1,24.700001,0.30000001,1,15,31840
46,47,29,24,9.0,M,1.29,1.78,1.161,8.0,1.24,10,17,49,30,30,93,0,1,24.700001,0.30000001,1,20,31839
46,47,29,24,9.0,M,1.29,1.78,1.161,8.0,1.24,10,17,49,30,30,93,0,1,24.700001,0.30000001,1,20,31853
46,47,29,24,9.0,M,1.29,1.78,1.161,8.0,1.24,10,17,49,30,30,93,0,1,24.700001,0.30000001,1,20,31893
46,47,29,24,9.0,M,1.29,1.78,1.161,8.0,1.24,10,17,49,30,30,93,0,1,24.700001,0.30000001,1,30,31908
46,47,29,24,9.0,M,1.29,1.78,1.161,8.0,1.24,10,17,49,30,30,93,0,1,24.700001,0.30000001,1,60,31905
46,47,29,24,9.0,M,1.29,1.78,1.161,8.0,1.24,10,17,49,30,30,93,0,1,24.700001,0.30000001,1,20,31909
46,47,29,24,9.0,M,1.29,1.78,1.161,8.0,1.24,10,17,49,30,30,93,0,1,24.700001,0.30000001,1,20,31900
46,47,29,24,9.0,M,1.29,1.78,1.161,8.0,1.24,10,17,49,30,30,93,0,1,24.700001,0.30000001,1,20,31899
46,47,29,24,9.0,M,1.29,1.78,1.161,8.0,1.24,10,17,49,30,30,93,0,1,24.700001,0.30000001,1,20,31859
46,47,29,24,9.0,M,1.29,1.78,1.161,8.0,1.24,10,17,49,30,30,93,0,1,24.700001,0.30000001,1,30,31922
46,47,29,24,9.0,M,1.29,1.78,1.161,8.0,1.24,10,17,49,30,30,93,0,1,24.700001,0.30000001,1,30,31842
46,47,29,24,9.0,M,1.29,1.78,1.161,8.0,1.24,10,17,49,30,30,93,0,1,24.700001,0.30000001,1,10,31871
46,47,29,24,9.0,M,1.29,1.78,1.161,8.0,1.24,10,17,49,30,30,93,0,1,24.700001,0.30000001,1,20,31870
46,47,29,24,9.0,M,1.29,1.78,1.161,8.0,1.24,10,17,49,30,30,93,0,1,24.700001,0.30000001,1,20,31869
46,47,29,24,9.0,M,1.29,1.78,1.161,8.0,1.24,10,17,49,30,30,93,0,1,24.700001,0.30000001,1,20,31867
46,47,29,24,9.0,M,1.29,1.78,1.161,8.0,1.24,10,17,49,30,30,93,0,1,24.700001,0.30000001,1,80,31864
46,47,29,24,9.0,M,1.29,1.78,1.161,8.0,1.24,10,17,49,30,30,93,0,1,24.700001,0.30000001,1,30,31862
46,47,29,24,9.0,M,1.29,1.78,1.161,8.0,1.24,10,17,49,30,30,93,0,1,24.700001,0.30000001,1,30,31894
46,47,29,24,9.0,M,1.29,1.78,1.161,8.0,1.24,10,17,49,30,30,93,0,1,24.700001,0.30000001,1,40,31972
46,47,29,24,9.0,M,1.29,1.78,1.161,8.0,1.24,10,17,49,30,30,93,0,1,24.700001,0.30000001,1,20,32024
46,47,29,24,9.0,M,1.29,1.78,1.161,8.0,1.24,10,17,49,30,30,93,0,1,24.700001,0.30000001,1,60,32002
46,47,29,24,9.0,M,1.29,1.78,1.161,8.0,1.24,10,17,49,30,30,93,0,1,24.700001,0.30000001,1,10,31976
46,47,29,24,9.0,M,1.29,1.78,1.161,8.0,1.24,10,17,49,30,30,93,0,1,24.700001,0.30000001,1,50,31837
46,47,29,24,9.0,M,1.29,1.78,1.161,8.0,1.24,10,17,49,30,30,93,0,1,24.700001,0.30000001,1,40,31970
46,47,29,24,9.0,M,1.29,1.78,1.161,8.0,1.24,10,17,49,30,30,93,0,1,24.700001,0.30000001,1,20,31967
19,36,37,27,9.0,M,1.23,1.8099999,3.027,7.6999998,2.49,13,24,48,30,29,96,0,1,26.5,0.30000001,1,50,31865
19,36,37,27,9.0,M,1.23,1.8099999,3.027,7.6999998,2.49,13,24,48,30,29,96,0,1,26.5,0.30000001,1,20,31875
19,36,37,27,9.0,M,1.23,1.8099999,3.027,7.6999998,2.49,13,24,48,30,29,96,0,1,26.5,0.30000001,1,30,31810
19,36,37,27,9.0,M,1.23,1.8099999,3.027,7.6999998,2.49,13,24,48,30,29,96,0,1,26.5,0.30000001,1,30,31873
19,36,37,27,9.0,M,1.23,1.8099999,3.027,7.6999998,2.49,13,24,48,30,29,96,0,1,26.5,0.30000001,1,80,31832
19,36,37,27,9.0,M,1.23,1.8099999,3.027,7.6999998,2.49,13,24,48,30,29,96,0,1,26.5,0.30000001,1,20,31879
19,36,37,27,9.0,M,1.23,1.8099999,3.027,7.6999998,2.49,13,24,48,30,29,96,0,1,26.5,0.30000001,1,50,31888
19,36,37,27,9.0,M,1.23,1.8099999,3.027,7.6999998,2.49,13,24,48,30,29,96,0,1,26.5,0.30000001,1,20,31876
19,36,37,27,9.0,M,1.23,1.8099999,3.027,7.6999998,2.49,13,24,48,30,29,96,0,1,26.5,0.30000001,1,20,31878
28,42,28,30,5.0,M,1.22,1.85,3.6930001,7.0999999,3.4400001,12,35,75,29,29,88,0,1,5.0999999,0.30000001,1,50,1242
28,42,28,30,5.0,M,1.22,1.85,3.6930001,7.0999999,3.4400001,12,35,75,29,29,88,0,1,5.0999999,0.30000001,1,30,1130
28,42,28,30,5.0,M,1.22,1.85,3.6930001,7.0999999,3.4400001,12,35,75,29,29,88,0,1,5.0999999,0.30000001,1,20,1132
10,43,35,22,9.0,M,1.14,1.74,3.355,6.5999999,3.27,10,24,54,29,29,88,0,1,0.0,0.30000001,1,30,1128
36,51,29,20,9.0,M,1.37,1.72,3.1629999,6.6999998,1.5,12,16,35,12,10,64,0,3,0.0,0.30000001,1,100,99
18,66,22,12,11.0,C,1.37,1.5599999,0.71100003,7.4000001,0.57999998,13,6,35,25,10,64,0,3,6.3000002,0.30000001,1,33,1317
18,66,22,12,11.0,C,1.37,1.5599999,0.71100003,7.4000001,0.57999998,13,6,35,25,10,64,0,3,6.3000002,0.30000001,1,30,1775
18,66,22,12,11.0,C,1.37,1.5599999,0.71100003,7.4000001,0.57999998,13,6,35,25,10,64,0,3,6.3000002,0.30000001,1,5,1645
18,66,22,12,11.0,C,1.37,1.5599999,0.71100003,7.4000001,0.57999998,13,6,35,25,10,64,0,3,6.3000002,0.30000001,1,10,1409
18,66,22,12,11.0,C,1.37,1.5599999,0.71100003,7.4000001,0.57999998,13,6,35,25,10,64,0,3,6.3000002,0.30000001,1,50,1315
18,66,22,12,11.0,C,1.37,1.5599999,0.71100003,7.4000001,0.57999998,13,6,35,25,10,64,0,3,6.3000002,0.30000001,1,50,1316
18,66,22,12,11.0,C,1.37,1.5599999,0.71100003,7.4000001,0.57999998,13,6,35,25,10,64,0,3,6.3000002,0.30000001,1,20,1766
18,66,22,12,11.0,C,1.37,1.5599999,0.71100003,7.4000001,0.57999998,13,6,35,25,10,64,0,3,6.3000002,0.30000001,1,20,1767
18,66,22,12,11.0,C,1.37,1.5599999,0.71100003,7.4000001,0.57999998,13,6,35,25,10,64,0,3,6.3000002,0.30000001,1,20,1124
18,66,22,12,11.0,C,1.37,1.5599999,0.71100003,7.4000001,0.57999998,13,6,35,25,10,64,0,3,6.3000002,0.30000001,1,100,1324
18,66,22,12,11.0,C,1.37,1.5599999,0.71100003,7.4000001,0.57999998,13,6,35,25,10,64,0,3,6.3000002,0.30000001,1,20,1116
18,66,22,12,11.0,C,1.37,1.5599999,0.71100003,7.4000001,0.57999998,13,6,35,25,10,64,0,3,6.3000002,0.30000001,1,20,1132
18,66,22,12,11.0,C,1.37,1.5599999,0.71100003,7.4000001,0.57999998,13,6,35,25,10,64,0,3,6.3000002,0.30000001,1,25,1952
18,66,22,12,11.0,C,1.37,1.5599999,0.71100003,7.4000001,0.57999998,13,6,35,25,10,64,0,3,6.3000002,0.30000001,1,25,1950
18,66,22,12,11.0,C,1.37,1.5599999,0.71100003,7.4000001,0.57999998,13,6,35,25,10,64,0,3,6.3000002,0.30000001,1,10,1644
18,66,22,12,11.0,C,1.37,1.5599999,0.71100003,7.4000001,0.57999998,13,6,35,25,10,64,0,3,6.3000002,0.30000001,1,20,1830
18,66,22,12,11.0,C,1.37,1.5599999,0.71100003,7.4000001,0.57999998,13,6,35,25,10,64,0,3,6.3000002,0.30000001,1,20,1834
18,66,22,12,11.0,C,1.37,1.5599999,0.71100003,7.4000001,0.57999998,13,6,35,25,10,64,0,3,6.3000002,0.30000001,1,20,1838
18,66,22,12,11.0,C,1.37,1.5599999,0.71100003,7.4000001,0.57999998,13,6,35,25,10,64,0,3,6.3000002,0.30000001,1,10,1798
18,66,22,12,11.0,C,1.37,1.5599999,0.71100003,7.4000001,0.57999998,13,6,35,25,10,64,0,3,6.3000002,0.30000001,1,10,1797
18,66,22,12,11.0,C,1.37,1.5599999,0.71100003,7.4000001,0.57999998,13,6,35,25,10,64,0,3,6.3000002,0.30000001,1,50,1242
18,66,22,12,11.0,C,1.37,1.5599999,0.71100003,7.4000001,0.57999998,13,6,35,25,10,64,0,3,6.3000002,0.30000001,1,30,1844
18,66,22,12,11.0,C,1.37,1.5599999,0.71100003,7.4000001,0.57999998,13,6,35,25,10,64,0,3,6.3000002,0.30000001,1,50,1283
18,66,22,12,11.0,C,1.37,1.5599999,0.71100003,7.4000001,0.57999998,13,6,35,25,10,64,0,3,6.3000002,0.30000001,1,20,1800
18,66,22,12,11.0,C,1.37,1.5599999,0.71100003,7.4000001,0.57999998,13,6,35,25,10,64,0,3,6.3000002,0.30000001,1,20,1804
18,66,22,12,11.0,C,1.37,1.5599999,0.71100003,7.4000001,0.57999998,13,6,35,25,10,64,0,3,6.3000002,0.30000001,1,20,1807
18,66,22,12,11.0,C,1.37,1.5599999,0.71100003,7.4000001,0.57999998,13,6,35,25,10,64,0,3,6.3000002,0.30000001,1,30,1846
18,66,22,12,11.0,C,1.37,1.5599999,0.71100003,7.4000001,0.57999998,13,6,35,25,10,64,0,3,6.3000002,0.30000001,1,50,1284
18,66,22,12,11.0,C,1.37,1.5599999,0.71100003,7.4000001,0.57999998,13,6,35,25,10,64,0,3,6.3000002,0.30000001,1,20,1808
18,66,22,12,11.0,C,1.37,1.5599999,0.71100003,7.4000001,0.57999998,13,6,35,25,10,64,0,3,6.3000002,0.30000001,1,33,87
18,66,22,12,11.0,C,1.37,1.5599999,0.71100003,7.4000001,0.57999998,13,6,35,25,10,64,0,3,6.3000002,0.30000001,1,33,1312
18,66,22,12,11.0,C,1.37,1.5599999,0.71100003,7.4000001,0.57999998,13,6,35,25,10,64,0,3,6.3000002,0.30000001,1,100,1219
18,66,22,12,11.0,C,1.37,1.5599999,0.71100003,7.4000001,0.57999998,13,6,35,25,10,64,0,3,6.3000002,0.30000001,1,50,92
18,66,22,12,11.0,C,1.37,1.5599999,0.71100003,7.4000001,0.57999998,13,6,35,25,10,64,0,3,6.3000002,0.30000001,1,50,61
18,66,22,12,11.0,C,1.37,1.5599999,0.71100003,7.4000001,0.57999998,13,6,35,25,10,64,0,3,6.3000002,0.30000001,1,10,1856
22,51,29,20,9.0,M,1.37,1.72,3.1629999,6.6999998,1.5,12,16,35,20,10,64,0,3,0.0,0.30000001,1,20,1524
22,51,29,20,9.0,M,1.37,1.72,3.1629999,6.6999998,1.5,12,16,35,20,10,64,0,3,0.0,0.30000001,1,20,1779
22,51,29,20,9.0,M,1.37,1.72,3.1629999,6.6999998,1.5,12,16,35,20,10,64,0,3,0.0,0.30000001,1,20,1514
22,51,29,20,9.0,M,1.37,1.72,3.1629999,6.6999998,1.5,12,16,35,20,10,64,0,3,0.0,0.30000001,1,20,320
22,51,29,20,9.0,M,1.37,1.72,3.1629999,6.6999998,1.5,12,16,35,20,10,64,0,3,0.0,0.30000001,1,50,1239
22,51,29,20,9.0,M,1.37,1.72,3.1629999,6.6999998,1.5,12,16,35,20,10,64,0,3,0.0,0.30000001,1,50,1238
22,51,29,20,9.0,M,1.37,1.72,3.1629999,6.6999998,1.5,12,16,35,20,10,64,0,3,0.0,0.30000001,1,30,1126
22,51,29,20,9.0,M,1.37,1.72,3.1629999,6.6999998,1.5,12,16,35,20,10,64,0,3,0.0,0.30000001,1,10,1129
22,51,29,20,9.0,M,1.37,1.72,3.1629999,6.6999998,1.5,12,16,35,20,10,64,0,3,0.0,0.30000001,1,20,1117
22,51,29,20,9.0,M,1.37,1.72,3.1629999,6.6999998,1.5,12,16,35,20,10,64,0,3,0.0,0.30000001,1,20,1080
22,51,29,20,9.0,M,1.37,1.72,3.1629999,6.6999998,1.5,12,16,35,20,10,64,0,3,0.0,0.30000001,1,20,1118
22,51,29,20,9.0,M,1.37,1.72,3.1629999,6.6999998,1.5,12,16,35,20,10,64,0,3,0.0,0.30000001,1,30,1127
22,51,29,20,9.0,M,1.37,1.72,3.1629999,6.6999998,1.5,12,16,35,20,10,64,0,3,0.0,0.30000001,1,30,1125
11,43,41,16,9.0,M,1.39,1.64,2.072,6.0999999,1.42,14,16,53,13,13,80,0,1,0.0,0.1,0,30,1653
11,43,41,16,9.0,M,1.39,1.64,2.072,6.0999999,1.42,14,16,53,13,13,80,0,1,0.0,0.1,0,70,1401
11,43,41,16,9.0,M,1.39,1.64,2.072,6.0999999,1.42,14,16,53,13,13,80,0,1,0.0,0.1,0,5,1514
3,31,51,18,7.0,M,1.52,1.67,1.3840001,5.6999998,1.25,12,14,44,10,9,73,9,2,0.0,0.1,0,40,1514
15,64,20,16,11.0,M,1.53,1.65,0.64399999,7.0,0.73000002,10,12,64,15,15,94,0,2,1.7,0.1,1,30,1644
15,64,20,16,11.0,M,1.53,1.65,0.64399999,7.0,0.73000002,10,12,64,15,15,94,0,2,1.7,0.1,1,15,1645
11,41,42,17,9.0,M,1.5,1.66,1.51,5.9000001,1.33,12,13,45,10,9,75,12,1,0.0,0.1,1,70,1525
11,41,42,17,9.0,M,1.5,1.66,1.51,5.9000001,1.33,12,13,45,10,9,75,12,1,0.0,0.1,1,60,1524
11,41,42,17,9.0,M,1.5,1.66,1.51,5.9000001,1.33,12,13,45,10,9,75,12,1,0.0,0.1,1,20,1776
11,41,42,17,9.0,M,1.5,1.66,1.51,5.9000001,1.33,12,13,45,10,9,75,12,1,0.0,0.1,1,70,1526
11,41,42,17,9.0,M,1.5,1.66,1.51,5.9000001,1.33,12,13,45,10,9,75,12,1,0.0,0.1,1,30,1401
9,25,53,22,7.0,M,1.46,1.73,1.801,5.8000002,1.5700001,11,15,51,14,12,65,26,3,0.0,0.1,0,50,31803
9,25,53,22,7.0,M,1.46,1.73,1.801,5.8000002,1.5700001,11,15,51,14,12,65,26,3,0.0,0.1,0,30,31802
9,25,53,22,7.0,M,1.46,1.73,1.801,5.8000002,1.5700001,11,15,51,14,12,65,26,3,0.0,0.1,0,50,31801
18,65,18,17,11.0,C,1.47,1.67,0.50599998,7.5,0.63,9,13,64,21,21,99,0,2,9.8999996,0.1,1,60,31959
18,65,18,17,11.0,C,1.47,1.67,0.50599998,7.5,0.63,9,13,64,21,21,99,0,2,9.8999996,0.1,1,60,31912
18,65,18,17,11.0,C,1.47,1.67,0.50599998,7.5,0.63,9,13,64,21,21,99,0,2,9.8999996,0.1,1,40,31855
18,65,18,17,11.0,C,1.47,1.67,0.50599998,7.5,0.63,9,13,64,21,21,99,0,2,9.8999996,0.1,1,60,31991
18,65,18,17,11.0,C,1.47,1.67,0.50599998,7.5,0.63,9,13,64,21,21,99,0,2,9.8999996,0.1,1,25,31837
18,65,18,17,11.0,C,1.47,1.67,0.50599998,7.5,0.63,9,13,64,21,21,99,0,2,9.8999996,0.1,1,60,31894
18,65,18,17,11.0,C,1.47,1.67,0.50599998,7.5,0.63,9,13,64,21,21,99,0,2,9.8999996,0.1,1,30,31863
18,65,18,17,11.0,C,1.47,1.67,0.50599998,7.5,0.63,9,13,64,21,21,99,0,2,9.8999996,0.1,1,60,31958
18,65,18,17,11.0,C,1.47,1.67,0.50599998,7.5,0.63,9,13,64,21,21,99,0,2,9.8999996,0.1,1,30,31889
18,65,18,17,11.0,C,1.47,1.67,0.50599998,7.5,0.63,9,13,64,21,21,99,0,2,9.8999996,0.1,1,40,31862
18,65,18,17,11.0,C,1.47,1.67,0.50599998,7.5,0.63,9,13,64,21,21,99,0,2,9.8999996,0.1,1,30,31899
18,65,18,17,11.0,C,1.47,1.67,0.50599998,7.5,0.63,9,13,64,21,21,99,0,2,9.8999996,0.1,1,30,31898
18,65,18,17,11.0,C,1.47,1.67,0.50599998,7.5,0.63,9,13,64,21,21,99,0,2,9.8999996,0.1,1,40,31897
16,42,35,23,9.0,M,1.42,1.76,0.92700005,7.5999999,0.82999998,10,19,59,19,19,98,0,1,4.1999998,0.1,0,40,31818
16,42,35,23,9.0,M,1.42,1.76,0.92700005,7.5999999,0.82999998,10,19,59,19,19,98,0,1,4.1999998,0.1,0,25,31815
16,42,35,23,9.0,M,1.42,1.76,0.92700005,7.5999999,0.82999998,10,19,59,19,19,98,0,1,4.1999998,0.1,0,35,31819
16,42,35,23,9.0,M,1.42,1.76,0.92700005,7.5999999,0.82999998,10,19,59,19,19,98,0,1,4.1999998,0.1,0,30,31836
16,42,35,23,9.0,M,1.42,1.76,0.92700005,7.5999999,0.82999998,10,19,59,19,19,98,0,1,4.1999998,0.1,0,25,31865
16,42,35,23,9.0,M,1.42,1.76,0.92700005,7.5999999,0.82999998,10,19,59,19,19,98,0,1,4.1999998,0.1,0,50,31876
16,42,35,23,9.0,M,1.42,1.76,0.92700005,7.5999999,0.82999998,10,19,59,19,19,98,0,1,4.1999998,0.1,0,40,31895
16,42,35,23,9.0,M,1.42,1.76,0.92700005,7.5999999,0.82999998,10,19,59,19,19,98,0,1,4.1999998,0.1,0,30,31888
16,42,35,23,9.0,M,1.42,1.76,0.92700005,7.5999999,0.82999998,10,19,59,19,19,98,0,1,4.1999998,0.1,0,50,31891
5,20,35,45,3.0,F,1.55,1.97,1.602,6.6999998,1.1799999,11,25,48,22,21,91,0,1,0.0,0.1,0,55,31892
12,67,14,19,11.0,M,1.47,1.71,0.56700003,6.5,0.95999998,9,10,44,12,12,83,0,2,0.0,0.1,1,10,1130
12,67,14,19,11.0,M,1.47,1.71,0.56700003,6.5,0.95999998,9,10,44,12,12,83,0,2,0.0,0.1,1,20,1116
12,67,14,19,11.0,M,1.47,1.71,0.56700003,6.5,0.95999998,9,10,44,12,12,83,0,2,0.0,0.1,1,50,1409
11,37,33,30,5.0,M,1.45,1.84,1.743,6.5,1.49,12,18,46,17,16,78,0,1,0.0,0.1,1,20,1118
11,37,33,30,5.0,M,1.45,1.84,1.743,6.5,1.49,12,18,46,17,16,78,0,1,0.0,0.1,1,20,1343
11,37,33,30,5.0,M,1.45,1.84,1.743,6.5,1.49,12,18,46,17,16,78,0,1,0.0,0.1,1,20,1129
11,37,33,30,5.0,M,1.45,1.84,1.743,6.5,1.49,12,18,46,17,16,78,0,1,0.0,0.1,1,30,1740
11,37,33,30,5.0,M,1.45,1.84,1.743,6.5,1.49,12,18,46,17,16,78,0,1,0.0,0.1,1,20,1776
11,37,33,30,5.0,M,1.45,1.84,1.743,6.5,1.49,12,18,46,17,16,78,0,1,0.0,0.1,1,30,1079
11,37,33,30,5.0,M,1.45,1.84,1.743,6.5,1.49,12,18,46,17,16,78,0,1,0.0,0.1,1,70,1413
11,37,33,30,5.0,M,1.45,1.84,1.743,6.5,1.49,12,18,46,17,16,78,0,1,0.0,0.1,1,70,1412
11,37,33,30,5.0,M,1.45,1.84,1.743,6.5,1.49,12,18,46,17,16,78,0,1,0.0,0.1,1,30,1078
11,37,33,30,5.0,M,1.45,1.84,1.743,6.5,1.49,12,18,46,17,16,78,0,1,0.0,0.1,1,60,1416
11,37,33,30,5.0,M,1.45,1.84,1.743,6.5,1.49,12,18,46,17,16,78,0,1,0.0,0.1,1,20,1080
11,37,33,30,5.0,M,1.45,1.84,1.743,6.5,1.49,12,18,46,17,16,78,0,1,0.0,0.1,1,20,1117
11,37,33,30,5.0,M,1.45,1.84,1.743,6.5,1.49,12,18,46,17,16,78,0,1,0.0,0.1,1,30,262
10,63,19,18,11.0,M,1.63,1.6900001,0.98000002,5.5999999,0.75999999,15,6,16,5,5,74,11,2,0.0,0.0,0,30,31803
10,63,19,18,11.0,M,1.63,1.6900001,0.98000002,5.5999999,0.75999999,15,6,16,5,5,74,11,2,0.0,0.0,0,10,31812
2,22,27,51,3.0,F,1.28,2.01,1.717,5.6999998,2.1700001,9,17,16,12,12,51,8,2,0.0,0.0,0,70,1591
20,40,26,34,5.0,M,1.39,1.89,1.6850001,6.9000001,1.34,13,25,57,20,23,89,0,1,0.5,0.1,0,25,31902
15,51,35,14,9.0,M,1.45,1.6,2.013,4.6999998,1.4,17,12,33,3,2,18,11,2,0.0,0.0,0,45,31808
10,67,27,6,11.0,C,1.13,1.3200001,7.3260002,4.3000002,3.28,24,29,83,12,5,10,37,1,0.0,0.0,0,20,31812
10,67,27,6,11.0,C,1.13,1.3200001,7.3260002,4.3000002,3.28,24,29,83,12,5,10,37,1,0.0,0.0,0,35,31808
12,57,27,16,11.0,M,1.4299999,1.65,0.616,7.8000002,0.73000002,9,13,74,30,30,100,0,3,8.0,4.0,1,10,1694
12,57,27,16,11.0,M,1.4299999,1.65,0.616,7.8000002,0.73000002,9,13,74,30,30,100,0,3,8.0,4.0,1,40,1337
12,57,27,16,11.0,M,1.4299999,1.65,0.616,7.8000002,0.73000002,9,13,74,30,30,100,0,3,8.0,4.0,1,100,1790
12,57,27,16,11.0,M,1.4299999,1.65,0.616,7.8000002,0.73000002,9,13,74,30,30,100,0,3,8.0,4.0,1,100,1791
12,57,27,16,11.0,M,1.4299999,1.65,0.616,7.8000002,0.73000002,9,13,74,30,30,100,0,3,8.0,4.0,1,100,1792
12,57,27,16,11.0,M,1.4299999,1.65,0.616,7.8000002,0.73000002,9,13,74,30,30,100,0,3,8.0,4.0,1,100,1795
12,57,27,16,11.0,M,1.4299999,1.65,0.616,7.8000002,0.73000002,9,13,74,30,30,100,0,3,8.0,4.0,1,50,1797
12,57,27,16,11.0,M,1.4299999,1.65,0.616,7.8000002,0.73000002,9,13,74,30,30,100,0,3,8.0,4.0,1,40,1800
12,57,27,16,11.0,M,1.4299999,1.65,0.616,7.8000002,0.73000002,9,13,74,30,30,100,0,3,8.0,4.0,1,70,1801
12,57,27,16,11.0,M,1.4299999,1.65,0.616,7.8000002,0.73000002,9,13,74,30,30,100,0,3,8.0,4.0,1,20,1338
12,57,27,16,11.0,M,1.4299999,1.65,0.616,7.8000002,0.73000002,9,13,74,30,30,100,0,3,8.0,4.0,1,45,1802
12,57,27,16,11.0,M,1.4299999,1.65,0.616,7.8000002,0.73000002,9,13,74,30,30,100,0,3,8.0,4.0,1,60,1804
12,57,27,16,11.0,M,1.4299999,1.65,0.616,7.8000002,0.73000002,9,13,74,30,30,100,0,3,8.0,4.0,1,100,1794
12,57,27,16,11.0,M,1.4299999,1.65,0.616,7.8000002,0.73000002,9,13,74,30,30,100,0,3,8.0,4.0,1,50,92
12,57,27,16,11.0,M,1.4299999,1.65,0.616,7.8000002,0.73000002,9,13,74,30,30,100,0,3,8.0,4.0,1,33,1312
12,57,27,16,11.0,M,1.4299999,1.65,0.616,7.8000002,0.73000002,9,13,74,30,30,100,0,3,8.0,4.0,1,40,1766
12,57,27,16,11.0,M,1.4299999,1.65,0.616,7.8000002,0.73000002,9,13,74,30,30,100,0,3,8.0,4.0,1,10,1130
12,57,27,16,11.0,M,1.4299999,1.65,0.616,7.8000002,0.73000002,9,13,74,30,30,100,0,3,8.0,4.0,1,60,1767
12,57,27,16,11.0,M,1.4299999,1.65,0.616,7.8000002,0.73000002,9,13,74,30,30,100,0,3,8.0,4.0,1,50,1798
12,57,27,16,11.0,M,1.4299999,1.65,0.616,7.8000002,0.73000002,9,13,74,30,30,100,0,3,8.0,4.0,1,20,1350
12,57,27,16,11.0,M,1.4299999,1.65,0.616,7.8000002,0.73000002,9,13,74,30,30,100,0,3,8.0,4.0,1,60,1815
12,57,27,16,11.0,M,1.4299999,1.65,0.616,7.8000002,0.73000002,9,13,74,30,30,100,0,3,8.0,4.0,1,60,1808
12,57,27,16,11.0,M,1.4299999,1.65,0.616,7.8000002,0.73000002,9,13,74,30,30,100,0,3,8.0,4.0,1,70,340
12,57,27,16,11.0,M,1.4299999,1.65,0.616,7.8000002,0.73000002,9,13,74,30,30,100,0,3,8.0,4.0,1,20,1339
12,57,27,16,11.0,M,1.4299999,1.65,0.616,7.8000002,0.73000002,9,13,74,30,30,100,0,3,8.0,4.0,1,60,1807
12,57,27,16,11.0,M,1.4299999,1.65,0.616,7.8000002,0.73000002,9,13,74,30,30,100,0,3,8.0,4.0,1,70,1819
12,57,27,16,11.0,M,1.4299999,1.65,0.616,7.8000002,0.73000002,9,13,74,30,30,100,0,3,8.0,4.0,1,35,1821
12,57,27,16,11.0,M,1.4299999,1.65,0.616,7.8000002,0.73000002,9,13,74,30,30,100,0,3,8.0,4.0,1,60,1818
12,57,27,16,11.0,M,1.4299999,1.65,0.616,7.8000002,0.73000002,9,13,74,30,30,100,0,3,8.0,4.0,1,25,1952
12,57,27,16,11.0,M,1.4299999,1.65,0.616,7.8000002,0.73000002,9,13,74,30,30,100,0,3,8.0,4.0,1,70,1812
12,57,27,16,11.0,M,1.4299999,1.65,0.616,7.8000002,0.73000002,9,13,74,30,30,100,0,3,8.0,4.0,1,60,1816
12,57,27,16,11.0,M,1.4299999,1.65,0.616,7.8000002,0.73000002,9,13,74,30,30,100,0,3,8.0,4.0,1,100,1796
9,55,30,15,11.0,M,1.42,1.62,0.58899999,8.1999998,0.77999997,9,14,83,37,37,99,0,4,9.3000002,3.3,1,40,32018
9,55,30,15,11.0,M,1.42,1.62,0.58899999,8.1999998,0.77999997,9,14,83,37,37,99,0,4,9.3000002,3.3,1,80,32033
9,55,30,15,11.0,M,1.42,1.62,0.58899999,8.1999998,0.77999997,9,14,83,37,37,99,0,4,9.3000002,3.3,1,50,31926
9,55,30,15,11.0,M,1.42,1.62,0.58899999,8.1999998,0.77999997,9,14,83,37,37,99,0,4,9.3000002,3.3,1,40,32046
9,55,30,15,11.0,M,1.42,1.62,0.58899999,8.1999998,0.77999997,9,14,83,37,37,99,0,4,9.3000002,3.3,1,50,31903
9,55,30,15,11.0,M,1.42,1.62,0.58899999,8.1999998,0.77999997,9,14,83,37,37,99,0,4,9.3000002,3.3,1,25,31928
9,55,30,15,11.0,M,1.42,1.62,0.58899999,8.1999998,0.77999997,9,14,83,37,37,99,0,4,9.3000002,3.3,1,20,31932
9,55,30,15,11.0,M,1.42,1.62,0.58899999,8.1999998,0.77999997,9,14,83,37,37,99,0,4,9.3000002,3.3,1,100,32014
9,55,30,15,11.0,M,1.42,1.62,0.58899999,8.1999998,0.77999997,9,14,83,37,37,99,0,4,9.3000002,3.3,1,60,32032
9,55,30,15,11.0,M,1.42,1.62,0.58899999,8.1999998,0.77999997,9,14,83,37,37,99,0,4,9.3000002,3.3,1,60,31948
9,55,30,15,11.0,M,1.42,1.62,0.58899999,8.1999998,0.77999997,9,14,83,37,37,99,0,4,9.3000002,3.3,1,60,32013
9,55,30,15,11.0,M,1.42,1.62,0.58899999,8.1999998,0.77999997,9,14,83,37,37,99,0,4,9.3000002,3.3,1,40,31958
9,55,30,15,11.0,M,1.42,1.62,0.58899999,8.1999998,0.77999997,9,14,83,37,37,99,0,4,9.3000002,3.3,1,40,32017
9,55,30,15,11.0,M,1.42,1.62,0.58899999,8.1999998,0.77999997,9,14,83,37,37,99,0,4,9.3000002,3.3,1,25,31938
9,55,30,15,11.0,M,1.42,1.62,0.58899999,8.1999998,0.77999997,9,14,83,37,37,99,0,4,9.3000002,3.3,1,60,32048
9,55,30,15,11.0,M,1.42,1.62,0.58899999,8.1999998,0.77999997,9,14,83,37,37,99,0,4,9.3000002,3.3,1,100,31968
9,55,30,15,11.0,M,1.42,1.62,0.58899999,8.1999998,0.77999997,9,14,83,37,37,99,0,4,9.3000002,3.3,1,30,31982
9,55,30,15,11.0,M,1.42,1.62,0.58899999,8.1999998,0.77999997,9,14,83,37,37,99,0,4,9.3000002,3.3,1,60,32016
9,55,30,15,11.0,M,1.42,1.62,0.58899999,8.1999998,0.77999997,9,14,83,37,37,99,0,4,9.3000002,3.3,1,30,31944
9,55,30,15,11.0,M,1.42,1.62,0.58899999,8.1999998,0.77999997,9,14,83,37,37,99,0,4,9.3000002,3.3,1,20,31887
9,55,30,15,11.0,M,1.42,1.62,0.58899999,8.1999998,0.77999997,9,14,83,37,37,99,0,4,9.3000002,3.3,1,30,32020
9,55,30,15,11.0,M,1.42,1.62,0.58899999,8.1999998,0.77999997,9,14,83,37,37,99,0,4,9.3000002,3.3,1,20,31853
9,55,30,15,11.0,M,1.42,1.62,0.58899999,8.1999998,0.77999997,9,14,83,37,37,99,0,4,9.3000002,3.3,1,60,31915
9,55,30,15,11.0,M,1.42,1.62,0.58899999,8.1999998,0.77999997,9,14,83,37,37,99,0,4,9.3000002,3.3,1,20,31856
9,55,30,15,11.0,M,1.42,1.62,0.58899999,8.1999998,0.77999997,9,14,83,37,37,99,0,4,9.3000002,3.3,1,30,32026
9,55,30,15,11.0,M,1.42,1.62,0.58899999,8.1999998,0.77999997,9,14,83,37,37,99,0,4,9.3000002,3.3,1,20,31842
9,55,30,15,11.0,M,1.42,1.62,0.58899999,8.1999998,0.77999997,9,14,83,37,37,99,0,4,9.3000002,3.3,1,20,31859
9,55,30,15,11.0,M,1.42,1.62,0.58899999,8.1999998,0.77999997,9,14,83,37,37,99,0,4,9.3000002,3.3,1,30,32024
9,55,30,15,11.0,M,1.42,1.62,0.58899999,8.1999998,0.77999997,9,14,83,37,37,99,0,4,9.3000002,3.3,1,20,31860
9,55,30,15,11.0,M,1.42,1.62,0.58899999,8.1999998,0.77999997,9,14,83,37,37,99,0,4,9.3000002,3.3,1,20,31861
9,55,30,15,11.0,M,1.42,1.62,0.58899999,8.1999998,0.77999997,9,14,83,37,37,99,0,4,9.3000002,3.3,1,30,31871
9,55,30,15,11.0,M,1.42,1.62,0.58899999,8.1999998,0.77999997,9,14,83,37,37,99,0,4,9.3000002,3.3,1,40,32002
9,55,30,15,11.0,M,1.42,1.62,0.58899999,8.1999998,0.77999997,9,14,83,37,37,99,0,4,9.3000002,3.3,1,80,32027
9,55,30,15,11.0,M,1.42,1.62,0.58899999,8.1999998,0.77999997,9,14,83,37,37,99,0,4,9.3000002,3.3,1,20,31869
9,55,30,15,11.0,M,1.42,1.62,0.58899999,8.1999998,0.77999997,9,14,83,37,37,99,0,4,9.3000002,3.3,1,10,31857
9,55,30,15,11.0,M,1.42,1.62,0.58899999,8.1999998,0.77999997,9,14,83,37,37,99,0,4,9.3000002,3.3,1,40,31983
9,55,30,15,11.0,M,1.42,1.62,0.58899999,8.1999998,0.77999997,9,14,83,37,37,99,0,4,9.3000002,3.3,1,80,31954
9,55,30,15,11.0,M,1.42,1.62,0.58899999,8.1999998,0.77999997,9,14,83,37,37,99,0,4,9.3000002,3.3,1,30,31916
9,55,30,15,11.0,M,1.42,1.62,0.58899999,8.1999998,0.77999997,9,14,83,37,37,99,0,4,9.3000002,3.3,1,40,32025
9,55,30,15,11.0,M,1.42,1.62,0.58899999,8.1999998,0.77999997,9,14,83,37,37,99,0,4,9.3000002,3.3,1,50,31988
9,55,30,15,11.0,M,1.42,1.62,0.58899999,8.1999998,0.77999997,9,14,83,37,37,99,0,4,9.3000002,3.3,1,100,32021
9,55,30,15,11.0,M,1.42,1.62,0.58899999,8.1999998,0.77999997,9,14,83,37,37,99,0,4,9.3000002,3.3,1,20,31910
9,55,30,15,11.0,M,1.42,1.62,0.58899999,8.1999998,0.77999997,9,14,83,37,37,99,0,4,9.3000002,3.3,1,60,32040
9,55,30,15,11.0,M,1.42,1.62,0.58899999,8.1999998,0.77999997,9,14,83,37,37,99,0,4,9.3000002,3.3,1,40,32049
9,55,30,15,11.0,M,1.42,1.62,0.58899999,8.1999998,0.77999997,9,14,83,37,37,99,0,4,9.3000002,3.3,1,60,32047
9,55,30,15,11.0,M,1.42,1.62,0.58899999,8.1999998,0.77999997,9,14,83,37,37,99,0,4,9.3000002,3.3,1,30,31909
9,55,30,15,11.0,M,1.42,1.62,0.58899999,8.1999998,0.77999997,9,14,83,37,37,99,0,4,9.3000002,3.3,1,30,31908
9,55,30,15,11.0,M,1.42,1.62,0.58899999,8.1999998,0.77999997,9,14,83,37,37,99,0,4,9.3000002,3.3,1,40,32001
9,55,30,15,11.0,M,1.42,1.62,0.58899999,8.1999998,0.77999997,9,14,83,37,37,99,0,4,9.3000002,3.3,1,60,31913
9,55,30,15,11.0,M,1.42,1.62,0.58899999,8.1999998,0.77999997,9,14,83,37,37,99,0,4,9.3000002,3.3,1,60,195
9,55,30,15,11.0,M,1.42,1.62,0.58899999,8.1999998,0.77999997,9,14,83,37,37,99,0,4,9.3000002,3.3,1,50,1284
9,55,30,15,11.0,M,1.42,1.62,0.58899999,8.1999998,0.77999997,9,14,83,37,37,99,0,4,9.3000002,3.3,1,50,1283
9,55,30,15,11.0,M,1.42,1.62,0.58899999,8.1999998,0.77999997,9,14,83,37,37,99,0,4,9.3000002,3.3,1,20,1124
9,55,30,15,11.0,M,1.42,1.62,0.58899999,8.1999998,0.77999997,9,14,83,37,37,99,0,4,9.3000002,3.3,1,30,1855
9,55,30,15,11.0,M,1.42,1.62,0.58899999,8.1999998,0.77999997,9,14,83,37,37,99,0,4,9.3000002,3.3,1,70,1770
9,55,30,15,11.0,M,1.42,1.62,0.58899999,8.1999998,0.77999997,9,14,83,37,37,99,0,4,9.3000002,3.3,1,100,1774
9,55,30,15,11.0,M,1.42,1.62,0.58899999,8.1999998,0.77999997,9,14,83,37,37,99,0,4,9.3000002,3.3,1,30,1801
9,55,30,15,11.0,M,1.42,1.62,0.58899999,8.1999998,0.77999997,9,14,83,37,37,99,0,4,9.3000002,3.3,1,50,1830
9,55,30,15,11.0,M,1.42,1.62,0.58899999,8.1999998,0.77999997,9,14,83,37,37,99,0,4,9.3000002,3.3,1,30,1833
9,55,30,15,11.0,M,1.42,1.62,0.58899999,8.1999998,0.77999997,9,14,83,37,37,99,0,4,9.3000002,3.3,1,70,1825
9,55,30,15,11.0,M,1.42,1.62,0.58899999,8.1999998,0.77999997,9,14,83,37,37,99,0,4,9.3000002,3.3,1,25,1823
9,55,30,15,11.0,M,1.42,1.62,0.58899999,8.1999998,0.77999997,9,14,83,37,37,99,0,4,9.3000002,3.3,1,20,1839
9,55,30,15,11.0,M,1.42,1.62,0.58899999,8.1999998,0.77999997,9,14,83,37,37,99,0,4,9.3000002,3.3,1,60,1644
9,55,30,15,11.0,M,1.42,1.62,0.58899999,8.1999998,0.77999997,9,14,83,37,37,99,0,4,9.3000002,3.3,1,20,1834
9,55,30,15,11.0,M,1.42,1.62,0.58899999,8.1999998,0.77999997,9,14,83,37,37,99,0,4,9.3000002,3.3,1,30,1645
9,55,30,15,11.0,M,1.42,1.62,0.58899999,8.1999998,0.77999997,9,14,83,37,37,99,0,4,9.3000002,3.3,1,30,1854
9,55,30,15,11.0,M,1.42,1.62,0.58899999,8.1999998,0.77999997,9,14,83,37,37,99,0,4,9.3000002,3.3,1,30,1843
9,55,30,15,11.0,M,1.42,1.62,0.58899999,8.1999998,0.77999997,9,14,83,37,37,99,0,4,9.3000002,3.3,1,100,1642
9,55,30,15,11.0,M,1.42,1.62,0.58899999,8.1999998,0.77999997,9,14,83,37,37,99,0,4,9.3000002,3.3,1,10,1846
16,44,32,24,9.0,M,1.49,1.77,0.90699995,7.9000001,0.88999999,9,16,61,29,29,97,0,3,10.1,2.9000001,1,30,1963
16,44,32,24,9.0,M,1.49,1.77,0.90699995,7.9000001,0.88999999,9,16,61,29,29,97,0,3,10.1,2.9000001,1,30,1862
16,44,32,24,9.0,M,1.49,1.77,0.90699995,7.9000001,0.88999999,9,16,61,29,29,97,0,3,10.1,2.9000001,1,20,320
16,44,32,24,9.0,M,1.49,1.77,0.90699995,7.9000001,0.88999999,9,16,61,29,29,97,0,3,10.1,2.9000001,1,20,1779
16,44,32,24,9.0,M,1.49,1.77,0.90699995,7.9000001,0.88999999,9,16,61,29,29,97,0,3,10.1,2.9000001,1,10,1776
16,44,32,24,9.0,M,1.49,1.77,0.90699995,7.9000001,0.88999999,9,16,61,29,29,97,0,3,10.1,2.9000001,1,60,1824
16,44,32,24,9.0,M,1.49,1.77,0.90699995,7.9000001,0.88999999,9,16,61,29,29,97,0,3,10.1,2.9000001,1,70,1772
16,44,32,24,9.0,M,1.49,1.77,0.90699995,7.9000001,0.88999999,9,16,61,29,29,97,0,3,10.1,2.9000001,1,40,31874
9,54,30,16,11.0,M,1.58,1.64,1.159,5.3000002,0.94,12,12,40,10,8,61,5,2,0.0,2.9000001,1,70,1653
18,66,20,14,11.0,C,1.45,1.61,0.57600003,7.4000001,0.51999998,10,13,75,20,20,98,0,3,1.8,4.0,1,80,31939
18,66,20,14,11.0,C,1.45,1.61,0.57600003,7.4000001,0.51999998,10,13,75,20,20,98,0,3,1.8,4.0,1,60,31868
18,66,20,14,11.0,C,1.45,1.61,0.57600003,7.4000001,0.51999998,10,13,75,20,20,98,0,3,1.8,4.0,1,20,31886
18,66,20,14,11.0,C,1.45,1.61,0.57600003,7.4000001,0.51999998,10,13,75,20,20,98,0,3,1.8,4.0,1,20,32050
18,66,20,14,11.0,C,1.45,1.61,0.57600003,7.4000001,0.51999998,10,13,75,20,20,98,0,3,1.8,4.0,1,20,32049
18,66,20,14,11.0,C,1.45,1.61,0.57600003,7.4000001,0.51999998,10,13,75,20,20,98,0,3,1.8,4.0,1,70,31924
18,66,20,14,11.0,C,1.45,1.61,0.57600003,7.4000001,0.51999998,10,13,75,20,20,98,0,3,1.8,4.0,1,30,31920
18,66,20,14,11.0,C,1.45,1.61,0.57600003,7.4000001,0.51999998,10,13,75,20,20,98,0,3,1.8,4.0,1,30,31923
18,66,20,14,11.0,C,1.45,1.61,0.57600003,7.4000001,0.51999998,10,13,75,20,20,98,0,3,1.8,4.0,1,25,31917
18,66,20,14,11.0,C,1.45,1.61,0.57600003,7.4000001,0.51999998,10,13,75,20,20,98,0,3,1.8,4.0,1,15,31904
18,66,20,14,11.0,C,1.45,1.61,0.57600003,7.4000001,0.51999998,10,13,75,20,20,98,0,3,1.8,4.0,1,30,31925
18,66,20,14,11.0,C,1.45,1.61,0.57600003,7.4000001,0.51999998,10,13,75,20,20,98,0,3,1.8,4.0,1,20,31912
18,66,20,14,11.0,C,1.45,1.61,0.57600003,7.4000001,0.51999998,10,13,75,20,20,98,0,3,1.8,4.0,1,100,31965
18,66,20,14,11.0,C,1.45,1.61,0.57600003,7.4000001,0.51999998,10,13,75,20,20,98,0,3,1.8,4.0,1,40,31931
18,66,20,14,11.0,C,1.45,1.61,0.57600003,7.4000001,0.51999998,10,13,75,20,20,98,0,3,1.8,4.0,1,100,31993
18,66,20,14,11.0,C,1.45,1.61,0.57600003,7.4000001,0.51999998,10,13,75,20,20,98,0,3,1.8,4.0,1,50,1660
18,66,20,14,11.0,C,1.45,1.61,0.57600003,7.4000001,0.51999998,10,13,75,20,20,98,0,3,1.8,4.0,1,50,1659
18,66,20,14,11.0,C,1.45,1.61,0.57600003,7.4000001,0.51999998,10,13,75,20,20,98,0,3,1.8,4.0,1,33,87
18,66,20,14,11.0,C,1.45,1.61,0.57600003,7.4000001,0.51999998,10,13,75,20,20,98,0,3,1.8,4.0,1,30,1858
18,66,20,14,11.0,C,1.45,1.61,0.57600003,7.4000001,0.51999998,10,13,75,20,20,98,0,3,1.8,4.0,1,30,1857
18,66,20,14,11.0,C,1.45,1.61,0.57600003,7.4000001,0.51999998,10,13,75,20,20,98,0,3,1.8,4.0,1,30,1818
18,66,20,14,11.0,C,1.45,1.61,0.57600003,7.4000001,0.51999998,10,13,75,20,20,98,0,3,1.8,4.0,1,30,1798
18,66,20,14,11.0,C,1.45,1.61,0.57600003,7.4000001,0.51999998,10,13,75,20,20,98,0,3,1.8,4.0,1,30,1815
18,66,20,14,11.0,C,1.45,1.61,0.57600003,7.4000001,0.51999998,10,13,75,20,20,98,0,3,1.8,4.0,1,20,1807
18,66,20,14,11.0,C,1.45,1.61,0.57600003,7.4000001,0.51999998,10,13,75,20,20,98,0,3,1.8,4.0,1,20,1804
18,66,20,14,11.0,C,1.45,1.61,0.57600003,7.4000001,0.51999998,10,13,75,20,20,98,0,3,1.8,4.0,1,30,1816
18,66,20,14,11.0,C,1.45,1.61,0.57600003,7.4000001,0.51999998,10,13,75,20,20,98,0,3,1.8,4.0,1,20,1808
18,66,20,14,11.0,C,1.45,1.61,0.57600003,7.4000001,0.51999998,10,13,75,20,20,98,0,3,1.8,4.0,1,25,1950
18,66,20,14,11.0,C,1.45,1.61,0.57600003,7.4000001,0.51999998,10,13,75,20,20,98,0,3,1.8,4.0,1,30,1694
18,66,20,14,11.0,C,1.45,1.61,0.57600003,7.4000001,0.51999998,10,13,75,20,20,98,0,3,1.8,4.0,1,30,1797
18,56,28,16,11.0,M,1.39,1.65,1.1359999,6.5999999,1.0,11,12,56,13,13,95,0,2,0.0,2.9000001,1,5,1514
2,31,42,27,9.0,M,1.45,1.8,0.773,8.0,0.77999997,9,16,54,63,64,99,0,6,12.9,23.799999,1,60,31989
2,31,42,27,9.0,M,1.45,1.8,0.773,8.0,0.77999997,9,16,54,63,64,99,0,6,12.9,23.799999,1,100,31984
2,31,42,27,9.0,M,1.45,1.8,0.773,8.0,0.77999997,9,16,54,63,64,99,0,6,12.9,23.799999,1,40,32045
2,31,42,27,9.0,M,1.45,1.8,0.773,8.0,0.77999997,9,16,54,63,64,99,0,6,12.9,23.799999,1,60,32046
2,31,42,27,9.0,M,1.45,1.8,0.773,8.0,0.77999997,9,16,54,63,64,99,0,6,12.9,23.799999,1,40,32006
2,31,42,27,9.0,M,1.45,1.8,0.773,8.0,0.77999997,9,16,54,63,64,99,0,6,12.9,23.799999,1,40,32047
2,31,42,27,9.0,M,1.45,1.8,0.773,8.0,0.77999997,9,16,54,63,64,99,0,6,12.9,23.799999,1,60,32012
2,31,42,27,9.0,M,1.45,1.8,0.773,8.0,0.77999997,9,16,54,63,64,99,0,6,12.9,23.799999,1,20,31932
2,31,42,27,9.0,M,1.45,1.8,0.773,8.0,0.77999997,9,16,54,63,64,99,0,6,12.9,23.799999,1,30,32007
2,31,42,27,9.0,M,1.45,1.8,0.773,8.0,0.77999997,9,16,54,63,64,99,0,6,12.9,23.799999,1,15,31980
-3,-3,-3,-3,,-,-3.0,,-3.0,-3.0,-3.0,-3,-3,-3,-3,-3,-3,-3,-3,-3.0,-3.0,-3,34,87
-3,-3,-3,-3,,-,-3.0,,-3.0,-3.0,-3.0,-3,-3,-3,-3,-3,-3,-3,-3,-3.0,-3.0,-3,50,61
-3,-3,-3,-3,,-,-3.0,,-3.0,-3.0,-3.0,-3,-3,-3,-3,-3,-3,-3,-3,-3.0,-3.0,-3,34,1312
-3,-3,-3,-3,,-,-3.0,,-3.0,-3.0,-3.0,-3,-3,-3,-3,-3,-3,-3,-3,-3.0,-3.0,-3,50,1660
-3,-3,-3,-3,,-,-3.0,,-3.0,-3.0,-3.0,-3,-3,-3,-3,-3,-3,-3,-3,-3.0,-3.0,-3,50,1952
-3,-3,-3,-3,,-,-3.0,,-3.0,-3.0,-3.0,-3,-3,-3,-3,-3,-3,-3,-3,-3.0,-3.0,-3,100,193
-3,-3,-3,-3,,-,-3.0,,-3.0,-3.0,-3.0,-3,-3,-3,-3,-3,-3,-3,-3,-3.0,-3.0,-3,50,1821
-3,-3,-3,-3,,-,-3.0,,-3.0,-3.0,-3.0,-3,-3,-3,-3,-3,-3,-3,-3,-3.0,-3.0,-3,50,1950
16,47,30,23,9.0,M,1.42,1.76,0.54499996,8.3000002,0.62,11,13,50,65,64,100,0,48,15.3,6.8000002,14,10,1816
16,47,30,23,9.0,M,1.42,1.76,0.54499996,8.3000002,0.62,11,13,50,65,64,100,0,48,15.3,6.8000002,14,20,1339
16,47,30,23,9.0,M,1.42,1.76,0.54499996,8.3000002,0.62,11,13,50,65,64,100,0,48,15.3,6.8000002,14,30,1853
16,47,30,23,9.0,M,1.42,1.76,0.54499996,8.3000002,0.62,11,13,50,65,64,100,0,48,15.3,6.8000002,14,30,1852
16,47,30,23,9.0,M,1.42,1.76,0.54499996,8.3000002,0.62,11,13,50,65,64,100,0,48,15.3,6.8000002,14,10,1818
16,47,30,23,9.0,M,1.42,1.76,0.54499996,8.3000002,0.62,11,13,50,65,64,100,0,48,15.3,6.8000002,14,10,1815
16,47,30,23,9.0,M,1.42,1.76,0.54499996,8.3000002,0.62,11,13,50,65,64,100,0,48,15.3,6.8000002,14,30,1812
16,47,30,23,9.0,M,1.42,1.76,0.54499996,8.3000002,0.62,11,13,50,65,64,100,0,48,15.3,6.8000002,14,10,1766
16,47,30,23,9.0,M,1.42,1.76,0.54499996,8.3000002,0.62,11,13,50,65,64,100,0,48,15.3,6.8000002,14,10,1767
16,47,30,23,9.0,M,1.42,1.76,0.54499996,8.3000002,0.62,11,13,50,65,64,100,0,48,15.3,6.8000002,14,10,1800
16,47,30,23,9.0,M,1.42,1.76,0.54499996,8.3000002,0.62,11,13,50,65,64,100,0,48,15.3,6.8000002,14,10,1337
16,47,30,23,9.0,M,1.42,1.76,0.54499996,8.3000002,0.62,11,13,50,65,64,100,0,48,15.3,6.8000002,14,20,1338
16,47,30,23,9.0,M,1.42,1.76,0.54499996,8.3000002,0.62,11,13,50,65,64,100,0,48,15.3,6.8000002,14,10,1350
16,47,30,23,9.0,M,1.42,1.76,0.54499996,8.3000002,0.62,11,13,50,65,64,100,0,48,15.3,6.8000002,14,30,1353
16,47,30,23,9.0,M,1.42,1.76,0.54499996,8.3000002,0.62,11,13,50,65,64,100,0,48,15.3,6.8000002,14,30,1355
16,47,30,23,9.0,M,1.42,1.76,0.54499996,8.3000002,0.62,11,13,50,65,64,100,0,48,15.3,6.8000002,14,30,1356
14,43,28,29,5.0,M,1.33,1.84,0.68599999,8.5,1.09,10,17,38,63,59,95,0,67,19.1,9.8999996,14,85,31981
14,43,28,29,5.0,M,1.33,1.84,0.68599999,8.5,1.09,10,17,38,63,59,95,0,67,19.1,9.8999996,14,40,32028
14,43,28,29,5.0,M,1.33,1.84,0.68599999,8.5,1.09,10,17,38,63,59,95,0,67,19.1,9.8999996,14,100,32035
14,43,28,29,5.0,M,1.33,1.84,0.68599999,8.5,1.09,10,17,38,63,59,95,0,67,19.1,9.8999996,14,60,32042
14,43,28,29,5.0,M,1.33,1.84,0.68599999,8.5,1.09,10,17,38,63,59,95,0,67,19.1,9.8999996,14,20,31852
14,43,28,29,5.0,M,1.33,1.84,0.68599999,8.5,1.09,10,17,38,63,59,95,0,67,19.1,9.8999996,14,30,31866
14,43,28,29,5.0,M,1.33,1.84,0.68599999,8.5,1.09,10,17,38,63,59,95,0,67,19.1,9.8999996,14,60,31945
14,43,28,29,5.0,M,1.33,1.84,0.68599999,8.5,1.09,10,17,38,63,59,95,0,67,19.1,9.8999996,14,40,31834
14,43,28,29,5.0,M,1.33,1.84,0.68599999,8.5,1.09,10,17,38,63,59,95,0,67,19.1,9.8999996,14,60,31995
14,43,28,29,5.0,M,1.33,1.84,0.68599999,8.5,1.09,10,17,38,63,59,95,0,67,19.1,9.8999996,14,40,31950
14,43,28,29,5.0,M,1.33,1.84,0.68599999,8.5,1.09,10,17,38,63,59,95,0,67,19.1,9.8999996,14,70,381
14,43,28,29,5.0,M,1.33,1.84,0.68599999,8.5,1.09,10,17,38,63,59,95,0,67,19.1,9.8999996,14,30,391
14,43,28,29,5.0,M,1.33,1.84,0.68599999,8.5,1.09,10,17,38,63,59,95,0,67,19.1,9.8999996,14,30,1868
5,30,39,31,5.0,M,1.33,1.85,1.015,7.5,0.93000001,11,20,66,39,39,100,0,63,15.8,6.6999998,16,70,1862
5,30,39,31,5.0,M,1.33,1.85,1.015,7.5,0.93000001,11,20,66,39,39,100,0,63,15.8,6.6999998,16,100,31880
5,30,39,31,5.0,M,1.33,1.85,1.015,7.5,0.93000001,11,20,66,39,39,100,0,63,15.8,6.6999998,16,60,31830
14,50,26,24,10.0,M,1.45,1.78,0.62,8.1000004,0.76999998,12,18,47,44,44,99,0,39,8.3999996,1.9,14,10,1856
14,50,26,24,10.0,M,1.45,1.78,0.62,8.1000004,0.76999998,12,18,47,44,44,99,0,39,8.3999996,1.9,14,100,1872
14,50,26,24,10.0,M,1.45,1.78,0.62,8.1000004,0.76999998,12,18,47,44,44,99,0,39,8.3999996,1.9,14,70,1868
14,50,26,24,10.0,M,1.45,1.78,0.62,8.1000004,0.76999998,12,18,47,44,44,99,0,39,8.3999996,1.9,14,10,1839
14,50,26,24,10.0,M,1.45,1.78,0.62,8.1000004,0.76999998,12,18,47,44,44,99,0,39,8.3999996,1.9,14,10,1858
14,50,26,24,10.0,M,1.45,1.78,0.62,8.1000004,0.76999998,12,18,47,44,44,99,0,39,8.3999996,1.9,14,70,391
14,50,26,24,10.0,M,1.45,1.78,0.62,8.1000004,0.76999998,12,18,47,44,44,99,0,39,8.3999996,1.9,14,30,381
14,50,26,24,10.0,M,1.45,1.78,0.62,8.1000004,0.76999998,12,18,47,44,44,99,0,39,8.3999996,1.9,14,10,195
10,43,32,25,9.0,M,1.45,1.79,0.68400002,8.1000004,0.81,11,17,52,44,44,99,0,38,9.8000002,1.8,16,5,1514
10,43,32,25,9.0,M,1.45,1.79,0.68400002,8.1000004,0.81,11,17,52,44,44,99,0,38,9.8000002,1.8,16,70,1869
22,50,32,18,9.0,M,1.6,1.6799999,0.47499999,8.6000004,0.46000001,12,11,60,62,60,100,0,56,9.6999998,1.9,14,40,31995
22,50,32,18,9.0,M,1.6,1.6799999,0.47499999,8.6000004,0.46000001,12,11,60,62,60,100,0,56,9.6999998,1.9,14,60,31834
22,50,32,18,9.0,M,1.6,1.6799999,0.47499999,8.6000004,0.46000001,12,11,60,62,60,100,0,56,9.6999998,1.9,14,100,31929
22,50,32,18,9.0,M,1.6,1.6799999,0.47499999,8.6000004,0.46000001,12,11,60,62,60,100,0,56,9.6999998,1.9,14,100,31907
22,50,32,18,9.0,M,1.6,1.6799999,0.47499999,8.6000004,0.46000001,12,11,60,62,60,100,0,56,9.6999998,1.9,14,60,31979
22,50,32,18,9.0,M,1.6,1.6799999,0.47499999,8.6000004,0.46000001,12,11,60,62,60,100,0,56,9.6999998,1.9,14,15,31911
22,50,32,18,9.0,M,1.6,1.6799999,0.47499999,8.6000004,0.46000001,12,11,60,62,60,100,0,56,9.6999998,1.9,14,45,31942
22,50,32,18,9.0,M,1.6,1.6799999,0.47499999,8.6000004,0.46000001,12,11,60,62,60,100,0,56,9.6999998,1.9,14,100,31975
22,50,32,18,9.0,M,1.6,1.6799999,0.47499999,8.6000004,0.46000001,12,11,60,62,60,100,0,56,9.6999998,1.9,14,50,31966
22,50,32,18,9.0,M,1.6,1.6799999,0.47499999,8.6000004,0.46000001,12,11,60,62,60,100,0,56,9.6999998,1.9,14,60,31972
22,50,32,18,9.0,M,1.6,1.6799999,0.47499999,8.6000004,0.46000001,12,11,60,62,60,100,0,56,9.6999998,1.9,14,60,32028
22,50,32,18,9.0,M,1.6,1.6799999,0.47499999,8.6000004,0.46000001,12,11,60,62,60,100,0,56,9.6999998,1.9,14,100,31884
22,50,32,18,9.0,M,1.6,1.6799999,0.47499999,8.6000004,0.46000001,12,11,60,62,60,100,0,56,9.6999998,1.9,14,50,31866
22,50,32,18,9.0,M,1.6,1.6799999,0.47499999,8.6000004,0.46000001,12,11,60,62,60,100,0,56,9.6999998,1.9,14,100,31987
22,50,32,18,9.0,M,1.6,1.6799999,0.47499999,8.6000004,0.46000001,12,11,60,62,60,100,0,56,9.6999998,1.9,14,40,31849
22,50,32,18,9.0,M,1.6,1.6799999,0.47499999,8.6000004,0.46000001,12,11,60,62,60,100,0,56,9.6999998,1.9,14,30,31845
22,29,45,26,9.0,M,1.58,1.79,0.48800001,7.8000002,0.75,9,15,65,26,26,100,0,41,31.299999,2.4000001,16,20,31891
16,47,33,20,9.0,M,1.3200001,1.72,0.463,8.0,0.54000002,10,10,46,69,69,100,0,38,16.200001,25.5,32,100,31994
16,47,33,20,9.0,M,1.3200001,1.72,0.463,8.0,0.54000002,10,10,46,69,69,100,0,38,16.200001,25.5,32,15,31981
16,47,33,20,9.0,M,1.3200001,1.72,0.463,8.0,0.54000002,10,10,46,69,69,100,0,38,16.200001,25.5,32,40,31979
16,47,33,20,9.0,M,1.3200001,1.72,0.463,8.0,0.54000002,10,10,46,69,69,100,0,38,16.200001,25.5,32,100,32036
16,47,33,20,9.0,M,1.3200001,1.72,0.463,8.0,0.54000002,10,10,46,69,69,100,0,38,16.200001,25.5,32,100,32003
16,47,33,20,9.0,M,1.3200001,1.72,0.463,8.0,0.54000002,10,10,46,69,69,100,0,38,16.200001,25.5,32,20,31966
16,47,33,20,9.0,M,1.3200001,1.72,0.463,8.0,0.54000002,10,10,46,69,69,100,0,38,16.200001,25.5,32,60,32005
16,47,33,20,9.0,M,1.3200001,1.72,0.463,8.0,0.54000002,10,10,46,69,69,100,0,38,16.200001,25.5,32,40,32013
6,49,30,21,9.0,M,1.58,1.73,0.56300002,8.3000002,0.58999997,9,17,78,31,31,99,0,27,6.3000002,0.1,1,40,32042
6,49,30,21,9.0,M,1.58,1.73,0.56300002,8.3000002,0.58999997,9,17,78,31,31,99,0,27,6.3000002,0.1,1,70,31943
4,50,31,19,9.0,M,1.52,1.7,0.93400002,7.0999999,1.12,10,13,45,21,20,96,0,11,3.5,0.1,1,10,1824
8,50,29,21,9.0,M,1.51,1.73,0.54400003,8.1999998,0.54000002,9,17,82,31,31,99,0,24,6.3000002,0.60000002,0,100,32043
8,50,29,21,9.0,M,1.51,1.73,0.54400003,8.1999998,0.54000002,9,17,82,31,31,99,0,24,6.3000002,0.60000002,0,60,31950
8,50,29,21,9.0,M,1.51,1.73,0.54400003,8.1999998,0.54000002,9,17,82,31,31,99,0,24,6.3000002,0.60000002,0,100,31952
8,50,29,21,9.0,M,1.51,1.73,0.54400003,8.1999998,0.54000002,9,17,82,31,31,99,0,24,6.3000002,0.60000002,0,100,31960
-5,-5,-5,-5,,-,-5.0,,-5.0,-5.0,-5.0,-5,-5,-5,-5,-5,-5,-5,-5,-5.0,-5.0,-5,100,251
-9,-9,-9,-9,,-,-9.0,,-9.0,-9.0,-9.0,-9,-9,-9,-9,-9,-9,-9,-9,-9.0,-9.0,-9,100,7001
2,20,26,54,3.0,F,1.62,2.03,0.91999996,7.5,1.0,11,39,67,49,49,99,0,3,4.5999999,0.80000001,0,10,1132
2,14,33,53,3.0,F,1.7,2.02,1.7030001,6.9000001,1.64,11,40,65,45,44,93,0,1,9.5,0.69999999,0,20,1345
2,14,33,53,3.0,F,1.7,2.02,1.7030001,6.9000001,1.64,11,40,65,45,44,93,0,1,9.5,0.69999999,0,70,262
2,14,33,53,3.0,F,1.7,2.02,1.7030001,6.9000001,1.64,11,40,65,45,44,93,0,1,9.5,0.69999999,0,20,1344
2,14,33,53,3.0,F,1.7,2.02,1.7030001,6.9000001,1.64,11,40,65,45,44,93,0,1,9.5,0.69999999,0,30,1135
2,14,33,53,3.0,F,1.7,2.02,1.7030001,6.9000001,1.64,11,40,65,45,44,93,0,1,9.5,0.69999999,0,70,1740
2,14,33,53,3.0,F,1.7,2.02,1.7030001,6.9000001,1.64,11,40,65,45,44,93,0,1,9.5,0.69999999,0,70,1725
2,14,33,53,3.0,F,1.7,2.02,1.7030001,6.9000001,1.64,11,40,65,45,44,93,0,1,9.5,0.69999999,0,90,1743
2,14,33,53,3.0,F,1.7,2.02,1.7030001,6.9000001,1.64,11,40,65,45,44,93,0,1,9.5,0.69999999,0,30,1525
2,14,33,53,3.0,F,1.7,2.02,1.7030001,6.9000001,1.64,11,40,65,45,44,93,0,1,9.5,0.69999999,0,5,1514
2,14,33,53,3.0,F,1.7,2.02,1.7030001,6.9000001,1.64,11,40,65,45,44,93,0,1,9.5,0.69999999,0,10,1776
2,14,33,53,3.0,F,1.7,2.02,1.7030001,6.9000001,1.64,11,40,65,45,44,93,0,1,9.5,0.69999999,0,30,1869
2,21,24,55,3.0,F,1.64,2.04,0.90100002,7.3000002,0.92000002,12,40,69,48,47,99,0,2,2.2,0.5,0,30,31966
2,21,24,55,3.0,F,1.64,2.04,0.90100002,7.3000002,0.92000002,12,40,69,48,47,99,0,2,2.2,0.5,0,30,31947
4,13,32,55,3.0,F,1.72,2.03,1.819,6.8000002,1.77,10,41,63,42,41,93,0,2,1.6,0.5,0,55,31824
4,13,32,55,3.0,F,1.72,2.03,1.819,6.8000002,1.77,10,41,63,42,41,93,0,2,1.6,0.5,0,60,31807
4,13,32,55,3.0,F,1.72,2.03,1.819,6.8000002,1.77,10,41,63,42,41,93,0,2,1.6,0.5,0,100,31809
4,13,32,55,3.0,F,1.72,2.03,1.819,6.8000002,1.77,10,41,63,42,41,93,0,2,1.6,0.5,0,15,31821
4,13,32,55,3.0,F,1.72,2.03,1.819,6.8000002,1.77,10,41,63,42,41,93,0,2,1.6,0.5,0,20,31826
5,18,28,54,3.0,F,1.6,2.03,0.96999997,7.8000002,1.11,10,39,67,49,52,100,0,4,8.8999996,0.5,1,60,31872
5,18,28,54,3.0,F,1.6,2.03,0.96999997,7.8000002,1.11,10,39,67,49,52,100,0,4,8.8999996,0.5,1,100,31882
5,18,28,54,3.0,F,1.6,2.03,0.96999997,7.8000002,1.11,10,39,67,49,52,100,0,4,8.8999996,0.5,1,15,31883
5,18,28,54,3.0,F,1.6,2.03,0.96999997,7.8000002,1.11,10,39,67,49,52,100,0,4,8.8999996,0.5,1,70,31858
5,18,28,54,3.0,F,1.6,2.03,0.96999997,7.8000002,1.11,10,39,67,49,52,100,0,4,8.8999996,0.5,1,80,31896
5,18,28,54,3.0,F,1.6,2.03,0.96999997,7.8000002,1.11,10,39,67,49,52,100,0,4,8.8999996,0.5,1,60,31849
5,18,28,54,3.0,F,1.6,2.03,0.96999997,7.8000002,1.11,10,39,67,49,52,100,0,4,8.8999996,0.5,1,15,31857
5,18,28,54,3.0,F,1.6,2.03,0.96999997,7.8000002,1.11,10,39,67,49,52,100,0,4,8.8999996,0.5,1,70,31911
5,18,28,54,3.0,F,1.6,2.03,0.96999997,7.8000002,1.11,10,39,67,49,52,100,0,4,8.8999996,0.5,1,70,31845
5,18,28,54,3.0,F,1.6,2.03,0.96999997,7.8000002,1.11,10,39,67,49,52,100,0,4,8.8999996,0.5,1,60,31957
5,18,28,54,3.0,F,1.6,2.03,0.96999997,7.8000002,1.11,10,39,67,49,52,100,0,4,8.8999996,0.5,1,30,31850
5,18,28,54,3.0,F,1.6,2.03,0.96999997,7.8000002,1.11,10,39,67,49,52,100,0,4,8.8999996,0.5,1,15,31838
5,18,28,54,3.0,F,1.6,2.03,0.96999997,7.8000002,1.11,10,39,67,49,52,100,0,4,8.8999996,0.5,1,40,31949
5,18,28,54,3.0,F,1.6,2.03,0.96999997,7.8000002,1.11,10,39,67,49,52,100,0,4,8.8999996,0.5,1,80,31841
2,17,33,50,3.0,F,1.76,2.0,1.5439999,7.5999999,1.5,11,40,68,55,55,100,0,1,11.8,0.5,1,25,31835
2,17,33,50,3.0,F,1.76,2.0,1.5439999,7.5999999,1.5,11,40,68,55,55,100,0,1,11.8,0.5,1,15,31885
2,17,33,50,3.0,F,1.76,2.0,1.5439999,7.5999999,1.5,11,40,68,55,55,100,0,1,11.8,0.5,1,30,31833
2,17,33,50,3.0,F,1.76,2.0,1.5439999,7.5999999,1.5,11,40,68,55,55,100,0,1,11.8,0.5,1,60,31877
2,17,33,50,3.0,F,1.76,2.0,1.5439999,7.5999999,1.5,11,40,68,55,55,100,0,1,11.8,0.5,1,20,31832
2,17,33,50,3.0,F,1.76,2.0,1.5439999,7.5999999,1.5,11,40,68,55,55,100,0,1,11.8,0.5,1,60,31827
2,17,33,50,3.0,F,1.76,2.0,1.5439999,7.5999999,1.5,11,40,68,55,55,100,0,1,11.8,0.5,1,100,31814
2,17,33,50,3.0,F,1.76,2.0,1.5439999,7.5999999,1.5,11,40,68,55,55,100,0,1,11.8,0.5,1,60,31820
2,17,33,50,3.0,F,1.76,2.0,1.5439999,7.5999999,1.5,11,40,68,55,55,100,0,1,11.8,0.5,1,85,31821
2,17,33,50,3.0,F,1.76,2.0,1.5439999,7.5999999,1.5,11,40,68,55,55,100,0,1,11.8,0.5,1,40,31806
2,17,33,50,3.0,F,1.76,2.0,1.5439999,7.5999999,1.5,11,40,68,55,55,100,0,1,11.8,0.5,1,10,31811
2,17,33,50,3.0,F,1.76,2.0,1.5439999,7.5999999,1.5,11,40,68,55,55,100,0,1,11.8,0.5,1,100,31813
3,14,35,51,3.0,F,1.61,2.01,0.94999999,7.9000001,1.23,10,30,54,70,66,100,0,11,10.4,0.80000001,0,100,31963
-1,-1,-1,-1,,-,-1.0,,-1.0,-1.0,-1.0,-1,-1,-1,-1,-1,-1,-1,-1,-1.0,-1.0,-1,100,31800
-1,-1,-1,-1,,-,-1.0,,-1.0,-1.0,-1.0,-1,-1,-1,-1,-1,-1,-1,-1,-1.0,-1.0,-1,100,1972
